Date,visitor,G,home,G.1,Unnamed: 5,Att.,LOG,Notes,game_date
3/10/2018,Anaheim Ducks,5,San Jose Sharks,2,,17562,02:25,,2018-10-03
3/10/2018,Montreal Canadiens,2,Toronto Maple Leafs,3,OT,19589,02:37,,2018-10-03
3/10/2018,Calgary Flames,2,Vancouver Canucks,5,,18870,02:31,,2018-10-03
3/10/2018,Boston Bruins,0,Washington Capitals,7,,18506,02:30,,2018-10-03
4/10/2018,Boston Bruins,4,Buffalo Sabres,0,,19070,02:35,,2018-10-04
4/10/2018,New York Islanders,2,Carolina Hurricanes,1,OT,18680,02:34,,2018-10-04
4/10/2018,Minnesota Wild,1,Colorado Avalanche,4,,18086,02:37,,2018-10-04
4/10/2018,Arizona Coyotes,0,Dallas Stars,3,,18532,02:34,,2018-10-04
4/10/2018,Columbus Blue Jackets,3,Detroit Red Wings,2,OT,19515,02:43,at Little Caesars Arena (Detroit MI),2018-10-04
4/10/2018,Nashville Predators,3,New York Rangers,2,,17117,02:31,,2018-10-04
4/10/2018,Chicago Blackhawks,4,Ottawa Senators,3,OT,15858,02:38,,2018-10-04
4/10/2018,Washington Capitals,6,Pittsburgh Penguins,7,OT,18627,02:39,,2018-10-04
4/10/2018,Winnipeg Jets,5,St. Louis Blues,1,,18292,02:35,,2018-10-04
4/10/2018,Philadelphia Flyers,5,Vegas Golden Knights,2,,18555,02:24,,2018-10-04
5/10/2018,Carolina Hurricanes,3,Columbus Blue Jackets,1,,18306,02:35,,2018-10-05
5/10/2018,San Jose Sharks,3,Los Angeles Kings,2,OT,18230,02:36,,2018-10-05
6/10/2018,Anaheim Ducks,1,Arizona Coyotes,0,,17125,02:24,,2018-10-06
6/10/2018,New York Rangers,1,Buffalo Sabres,3,,16824,02:45,,2018-10-06
6/10/2018,Vancouver Canucks,4,Calgary Flames,7,,18688,02:39,,2018-10-06
6/10/2018,Philadelphia Flyers,2,Colorado Avalanche,5,,16768,02:33,,2018-10-06
6/10/2018,Winnipeg Jets,1,Dallas Stars,5,,18131,02:36,,2018-10-06
6/10/2018,Vegas Golden Knights,2,Minnesota Wild,1,SO,19077,03:18,,2018-10-06
6/10/2018,Edmonton Oilers,2,New Jersey Devils,5,,12044,02:31,NHL Global Series,2018-10-06
6/10/2018,Nashville Predators,4,New York Islanders,3,,12163,02:25,,2018-10-06
6/10/2018,Montreal Canadiens,5,Pittsburgh Penguins,1,,18622,02:26,,2018-10-06
6/10/2018,Chicago Blackhawks,5,St. Louis Blues,4,OT,17429,02:39,,2018-10-06
6/10/2018,Florida Panthers,1,Tampa Bay Lightning,2,SO,19092,02:39,,2018-10-06
6/10/2018,Ottawa Senators,5,Toronto Maple Leafs,3,,19321,02:35,,2018-10-06
7/10/2018,New York Rangers,5,Carolina Hurricanes,8,,13526,02:37,,2018-10-07
7/10/2018,Toronto Maple Leafs,7,Chicago Blackhawks,6,OT,21812,02:31,,2018-10-07
7/10/2018,Detroit Red Wings,2,Los Angeles Kings,4,,18230,02:43,,2018-10-07
8/10/2018,Detroit Red Wings,2,Anaheim Ducks,3,SO,17436,02:44,,2018-10-08
8/10/2018,Ottawa Senators,3,Boston Bruins,6,,17565,02:33,,2018-10-08
8/10/2018,Vegas Golden Knights,2,Buffalo Sabres,4,,16004,02:20,,2018-10-08
8/10/2018,San Jose Sharks,0,New York Islanders,4,,8790,02:26,,2018-10-08
9/10/2018,Vancouver Canucks,3,Carolina Hurricanes,5,,11932,02:35,,2018-10-09
9/10/2018,Colorado Avalanche,2,Columbus Blue Jackets,5,,11694,02:27,,2018-10-09
9/10/2018,Toronto Maple Leafs,7,Dallas Stars,4,,17866,02:30,,2018-10-09
9/10/2018,Calgary Flames,3,Nashville Predators,0,,17209,02:32,,2018-10-09
9/10/2018,San Jose Sharks,8,Philadelphia Flyers,2,,19133,02:34,,2018-10-09
9/10/2018,Los Angeles Kings,1,Winnipeg Jets,2,,15321,02:27,,2018-10-09
10/10/2018,Arizona Coyotes,3,Anaheim Ducks,2,SO,17015,02:30,,2018-10-10
10/10/2018,Philadelphia Flyers,7,Ottawa Senators,4,,13215,02:38,,2018-10-10
10/10/2018,Vegas Golden Knights,2,Washington Capitals,5,,18506,02:40,,2018-10-10
11/10/2018,Edmonton Oilers,1,Boston Bruins,4,,17565,02:28,,2018-10-11
11/10/2018,Colorado Avalanche,6,Buffalo Sabres,1,,15396,02:30,,2018-10-11
11/10/2018,Toronto Maple Leafs,5,Detroit Red Wings,3,,19515,02:32,at Little Caesars Arena (Detroit MI),2018-10-11
11/10/2018,Columbus Blue Jackets,5,Florida Panthers,4,,14394,02:34,,2018-10-11
11/10/2018,Chicago Blackhawks,3,Minnesota Wild,4,OT,18652,02:42,,2018-10-11
11/10/2018,Los Angeles Kings,3,Montreal Canadiens,0,,21302,02:33,,2018-10-11
11/10/2018,Washington Capitals,0,New Jersey Devils,6,,16514,02:31,,2018-10-11
11/10/2018,Winnipeg Jets,0,Nashville Predators,3,,17228,02:30,,2018-10-11
11/10/2018,San Jose Sharks,2,New York Rangers,3,OT,17004,02:31,,2018-10-11
11/10/2018,Vegas Golden Knights,2,Pittsburgh Penguins,4,,18610,02:27,,2018-10-11
11/10/2018,Calgary Flames,3,St. Louis Blues,5,,16403,02:37,,2018-10-11
11/10/2018,Vancouver Canucks,4,Tampa Bay Lightning,1,,19092,02:23,,2018-10-11
13/10/2018,Buffalo Sabres,3,Arizona Coyotes,0,,15304,02:32,,2018-10-13
13/10/2018,Detroit Red Wings,2,Boston Bruins,8,,17565,02:40,,2018-10-13
13/10/2018,St. Louis Blues,3,Chicago Blackhawks,4,OT,21634,02:38,,2018-10-13
13/10/2018,Calgary Flames,3,Colorado Avalanche,2,OT,17334,02:34,,2018-10-13
13/10/2018,Anaheim Ducks,3,Dallas Stars,5,,18532,02:38,,2018-10-13
13/10/2018,Vancouver Canucks,3,Florida Panthers,2,,11953,02:32,,2018-10-13
13/10/2018,Carolina Hurricanes,5,Minnesota Wild,4,OT,18715,02:56,,2018-10-13
13/10/2018,Pittsburgh Penguins,3,Montreal Canadiens,4,SO,21302,03:23,,2018-10-13
13/10/2018,New York Islanders,2,Nashville Predators,5,,17208,02:34,,2018-10-13
13/10/2018,Edmonton Oilers,2,New York Rangers,1,,17085,02:24,,2018-10-13
13/10/2018,Los Angeles Kings,1,Ottawa Senators,5,,15355,02:29,,2018-10-13
13/10/2018,Vegas Golden Knights,1,Philadelphia Flyers,0,,19067,02:19,,2018-10-13
13/10/2018,Columbus Blue Jackets,2,Tampa Bay Lightning,8,,19092,02:36,,2018-10-13
13/10/2018,Toronto Maple Leafs,4,Washington Capitals,2,,18506,02:21,,2018-10-13
14/10/2018,San Jose Sharks,2,New Jersey Devils,3,,13809,02:35,,2018-10-14
14/10/2018,Anaheim Ducks,3,St. Louis Blues,2,,16562,02:36,,2018-10-14
14/10/2018,Carolina Hurricanes,1,Winnipeg Jets,3,,15321,02:33,,2018-10-14
15/10/2018,Detroit Red Wings,3,Montreal Canadiens,7,,20323,02:40,,2018-10-15
15/10/2018,Minnesota Wild,2,Nashville Predators,4,,17165,02:32,,2018-10-15
15/10/2018,Dallas Stars,1,Ottawa Senators,4,,12358,02:30,,2018-10-15
15/10/2018,Los Angeles Kings,1,Toronto Maple Leafs,4,,19429,02:25,,2018-10-15
16/10/2018,Arizona Coyotes,1,Minnesota Wild,2,,18795,02:35,,2018-10-16
16/10/2018,Dallas Stars,0,New Jersey Devils,3,,12808,02:33,,2018-10-16
16/10/2018,Colorado Avalanche,2,New York Rangers,3,SO,17251,02:43,,2018-10-16
16/10/2018,Florida Panthers,5,Philadelphia Flyers,6,SO,19038,02:48,,2018-10-16
16/10/2018,Vancouver Canucks,3,Pittsburgh Penguins,2,OT,18492,02:24,,2018-10-16
16/10/2018,Carolina Hurricanes,2,Tampa Bay Lightning,4,,19092,02:37,,2018-10-16
16/10/2018,Buffalo Sabres,1,Vegas Golden Knights,4,,18321,02:38,,2018-10-16
16/10/2018,Edmonton Oilers,5,Winnipeg Jets,4,OT,15321,02:29,,2018-10-16
17/10/2018,New York Islanders,1,Anaheim Ducks,4,,16909,02:30,,2018-10-17
17/10/2018,Boston Bruins,2,Calgary Flames,5,,17641,02:25,,2018-10-17
17/10/2018,St. Louis Blues,2,Montreal Canadiens,3,,20137,02:22,,2018-10-17
17/10/2018,New York Rangers,3,Washington Capitals,4,OT,18506,02:34,,2018-10-17
18/10/2018,Philadelphia Flyers,3,Columbus Blue Jackets,6,,13492,02:20,,2018-10-18
18/10/2018,Arizona Coyotes,4,Chicago Blackhawks,1,,21210,02:31,,2018-10-18
18/10/2018,Boston Bruins,2,Edmonton Oilers,3,OT,18347,02:26,,2018-10-18
18/10/2018,New York Islanders,7,Los Angeles Kings,2,,18230,02:34,,2018-10-18
18/10/2018,Colorado Avalanche,5,New Jersey Devils,3,,13374,02:41,,2018-10-18
18/10/2018,Buffalo Sabres,1,San Jose Sharks,5,,17389,02:33,,2018-10-18
18/10/2018,Detroit Red Wings,1,Tampa Bay Lightning,3,,19092,02:43,,2018-10-18
18/10/2018,Pittsburgh Penguins,3,Toronto Maple Leafs,0,,19483,02:28,,2018-10-18
18/10/2018,Vancouver Canucks,1,Winnipeg Jets,4,,15321,02:32,,2018-10-18
19/10/2018,Nashville Predators,5,Calgary Flames,3,,18725,02:36,,2018-10-19
19/10/2018,Minnesota Wild,3,Dallas Stars,1,,18346,02:18,,2018-10-19
19/10/2018,Florida Panthers,6,Washington Capitals,5,SO,18506,02:56,,2018-10-19
20/10/2018,Colorado Avalanche,3,Carolina Hurricanes,1,,11753,02:30,,2018-10-20
20/10/2018,Chicago Blackhawks,4,Columbus Blue Jackets,1,,17005,02:29,,2018-10-20
20/10/2018,Nashville Predators,3,Edmonton Oilers,0,,18347,02:29,,2018-10-20
20/10/2018,Detroit Red Wings,4,Florida Panthers,3,OT,14534,02:44,,2018-10-20
20/10/2018,Buffalo Sabres,5,Los Angeles Kings,1,,18230,02:38,,2018-10-20
20/10/2018,Tampa Bay Lightning,4,Minnesota Wild,5,OT,19080,02:42,,2018-10-20
20/10/2018,Montreal Canadiens,3,Ottawa Senators,4,OT,18442,02:37,,2018-10-20
20/10/2018,New Jersey Devils,2,Philadelphia Flyers,5,,19105,02:35,,2018-10-20
20/10/2018,New York Islanders,1,San Jose Sharks,4,,17414,02:31,,2018-10-20
20/10/2018,St. Louis Blues,4,Toronto Maple Leafs,1,,19268,02:31,,2018-10-20
20/10/2018,Boston Bruins,1,Vancouver Canucks,2,OT,17871,02:30,,2018-10-20
20/10/2018,Anaheim Ducks,1,Vegas Golden Knights,3,,18375,02:33,,2018-10-20
20/10/2018,Arizona Coyotes,3,Winnipeg Jets,5,,15321,02:33,,2018-10-20
21/10/2018,Buffalo Sabres,4,Anaheim Ducks,2,,17174,02:24,,2018-10-21
21/10/2018,Tampa Bay Lightning,6,Chicago Blackhawks,3,,21012,02:29,,2018-10-21
21/10/2018,Calgary Flames,4,New York Rangers,1,,17404,02:29,,2018-10-21
22/10/2018,Carolina Hurricanes,3,Detroit Red Wings,1,,19515,02:28,at Little Caesars Arena (Detroit MI),2018-10-22
22/10/2018,Colorado Avalanche,4,Philadelphia Flyers,1,,19326,02:30,,2018-10-22
22/10/2018,Washington Capitals,5,Vancouver Canucks,2,,17227,02:25,,2018-10-22
22/10/2018,St. Louis Blues,4,Winnipeg Jets,5,OT,15321,02:37,,2018-10-22
23/10/2018,Arizona Coyotes,4,Columbus Blue Jackets,1,,11458,02:28,,2018-10-23
23/10/2018,Anaheim Ducks,1,Chicago Blackhawks,3,,20900,02:31,,2018-10-23
23/10/2018,Los Angeles Kings,2,Dallas Stars,4,,17354,02:39,,2018-10-23
23/10/2018,Pittsburgh Penguins,6,Edmonton Oilers,5,OT,18347,02:42,,2018-10-23
23/10/2018,Calgary Flames,2,Montreal Canadiens,3,,21028,02:30,,2018-10-23
23/10/2018,San Jose Sharks,5,Nashville Predators,4,,17159,02:41,,2018-10-23
23/10/2018,Florida Panthers,2,New York Rangers,5,,17016,02:33,,2018-10-23
23/10/2018,Boston Bruins,4,Ottawa Senators,1,,15265,02:31,,2018-10-23
24/10/2018,Tampa Bay Lightning,1,Colorado Avalanche,0,,16753,02:23,,2018-10-24
24/10/2018,Florida Panthers,3,New York Islanders,2,OT,9743,02:40,,2018-10-24
24/10/2018,Vancouver Canucks,3,Vegas Golden Knights,2,SO,18189,02:42,,2018-10-24
24/10/2018,Toronto Maple Leafs,4,Winnipeg Jets,2,,15321,02:29,,2018-10-24
25/10/2018,Vancouver Canucks,1,Arizona Coyotes,4,,12955,02:20,,2018-10-25
25/10/2018,Philadelphia Flyers,0,Boston Bruins,3,,17565,02:32,,2018-10-25
25/10/2018,Montreal Canadiens,3,Buffalo Sabres,4,,16112,02:35,,2018-10-25
25/10/2018,Pittsburgh Penguins,9,Calgary Flames,1,,17834,02:31,,2018-10-25
25/10/2018,New York Rangers,1,Chicago Blackhawks,4,,21280,02:36,,2018-10-25
25/10/2018,Anaheim Ducks,2,Dallas Stars,5,,17134,02:34,,2018-10-25
25/10/2018,Washington Capitals,1,Edmonton Oilers,4,,18347,02:29,,2018-10-25
25/10/2018,Los Angeles Kings,1,Minnesota Wild,4,,18778,02:36,,2018-10-25
25/10/2018,Nashville Predators,4,New Jersey Devils,3,OT,15164,02:44,,2018-10-25
25/10/2018,Columbus Blue Jackets,7,St. Louis Blues,4,,17068,02:37,,2018-10-25
26/10/2018,San Jose Sharks,3,Carolina Hurricanes,4,SO,12311,02:43,,2018-10-26
26/10/2018,Ottawa Senators,3,Colorado Avalanche,6,,16851,02:32,,2018-10-26
26/10/2018,Winnipeg Jets,2,Detroit Red Wings,1,,19515,02:27,at Little Caesars Arena (Detroit MI),2018-10-26
26/10/2018,Tampa Bay Lightning,3,Vegas Golden Knights,2,,18207,02:38,,2018-10-26
27/10/2018,Tampa Bay Lightning,1,Arizona Coyotes,7,,13623,02:31,,2018-10-27
27/10/2018,Montreal Canadiens,3,Boston Bruins,0,,17565,02:37,,2018-10-27
27/10/2018,Buffalo Sabres,4,Columbus Blue Jackets,5,OT,15642,02:39,,2018-10-27
27/10/2018,Washington Capitals,4,Calgary Flames,3,SO,17832,02:45,,2018-10-27
27/10/2018,Colorado Avalanche,2,Minnesota Wild,3,,19093,02:35,,2018-10-27
27/10/2018,Florida Panthers,2,New Jersey Devils,3,,15927,02:50,,2018-10-27
27/10/2018,Edmonton Oilers,5,Nashville Predators,3,,17248,02:31,,2018-10-27
27/10/2018,New York Islanders,6,Philadelphia Flyers,1,,19247,02:28,,2018-10-27
27/10/2018,Chicago Blackhawks,3,St. Louis Blues,7,,17201,02:32,,2018-10-27
27/10/2018,Winnipeg Jets,2,Toronto Maple Leafs,3,,19545,02:31,,2018-10-27
27/10/2018,Pittsburgh Penguins,5,Vancouver Canucks,0,,17537,02:29,,2018-10-27
28/10/2018,San Jose Sharks,4,Anaheim Ducks,3,OT,17099,02:36,,2018-10-28
28/10/2018,New York Islanders,2,Carolina Hurricanes,1,,10367,02:30,,2018-10-28
28/10/2018,Edmonton Oilers,2,Chicago Blackhawks,1,OT,20987,02:24,,2018-10-28
28/10/2018,Dallas Stars,2,Detroit Red Wings,4,,19515,02:26,at Little Caesars Arena (Detroit MI),2018-10-28
28/10/2018,New York Rangers,3,Los Angeles Kings,4,,18230,02:41,,2018-10-28
28/10/2018,Ottawa Senators,3,Vegas Golden Knights,4,OT,18089,02:40,,2018-10-28
29/10/2018,Calgary Flames,3,Toronto Maple Leafs,1,,18989,02:31,,2018-10-29
29/10/2018,Minnesota Wild,2,Vancouver Canucks,5,,16546,02:36,,2018-10-29
30/10/2018,Philadelphia Flyers,3,Anaheim Ducks,2,,16450,02:28,,2018-10-30
30/10/2018,Ottawa Senators,1,Arizona Coyotes,5,,13988,02:32,,2018-10-30
30/10/2018,Calgary Flames,2,Buffalo Sabres,1,OT,15196,02:38,,2018-10-30
30/10/2018,Boston Bruins,3,Carolina Hurricanes,2,,11357,02:37,,2018-10-30
30/10/2018,Detroit Red Wings,5,Columbus Blue Jackets,3,,14288,02:30,,2018-10-30
30/10/2018,Minnesota Wild,4,Edmonton Oilers,3,,18347,02:32,,2018-10-30
30/10/2018,Dallas Stars,4,Montreal Canadiens,1,,20506,02:39,,2018-10-30
30/10/2018,Vegas Golden Knights,1,Nashville Predators,4,,17367,02:30,,2018-10-30
30/10/2018,New York Islanders,6,Pittsburgh Penguins,3,,18509,02:32,,2018-10-30
30/10/2018,New York Rangers,4,San Jose Sharks,3,SO,17562,02:38,,2018-10-30
30/10/2018,New Jersey Devils,3,Tampa Bay Lightning,8,,19092,02:37,,2018-10-30
31/10/2018,Chicago Blackhawks,2,Vancouver Canucks,4,,16955,02:32,,2018-10-31
1/11/2018,New York Rangers,3,Anaheim Ducks,2,SO,16101,03:14,,2018-11-01
1/11/2018,Colorado Avalanche,5,Calgary Flames,6,,17317,02:39,,2018-11-01
1/11/2018,New Jersey Devils,3,Detroit Red Wings,4,,18273,02:48,at Little Caesars Arena (Detroit MI),2018-11-01
1/11/2018,Chicago Blackhawks,0,Edmonton Oilers,4,,18347,02:26,,2018-11-01
1/11/2018,Winnipeg Jets,4,Florida Panthers,2,,13490,02:37,NHL Global Series,2018-11-01
1/11/2018,Philadelphia Flyers,5,Los Angeles Kings,2,,18230,02:35,,2018-11-01
1/11/2018,Washington Capitals,4,Montreal Canadiens,6,,20279,02:25,,2018-11-01
1/11/2018,Pittsburgh Penguins,2,New York Islanders,3,SO,10910,02:42,,2018-11-01
1/11/2018,Buffalo Sabres,2,Ottawa Senators,4,,12587,02:20,,2018-11-01
1/11/2018,Columbus Blue Jackets,4,San Jose Sharks,1,,15879,02:32,,2018-11-01
1/11/2018,Vegas Golden Knights,3,St. Louis Blues,5,,16813,02:32,,2018-11-01
1/11/2018,Nashville Predators,4,Tampa Bay Lightning,1,,19092,02:30,,2018-11-01
1/11/2018,Dallas Stars,2,Toronto Maple Leafs,1,,18878,02:27,,2018-11-01
2/11/2018,Carolina Hurricanes,3,Arizona Coyotes,4,OT,10562,02:30,,2018-11-02
2/11/2018,Colorado Avalanche,6,Vancouver Canucks,7,OT,18334,02:44,,2018-11-02
2/11/2018,Florida Panthers,4,Winnipeg Jets,2,,13490,02:34,NHL Global Series,2018-11-02
3/11/2018,Ottawa Senators,2,Buffalo Sabres,9,,17881,02:27,,2018-11-03
3/11/2018,Chicago Blackhawks,3,Calgary Flames,5,,18143,02:26,,2018-11-03
3/11/2018,Edmonton Oilers,4,Detroit Red Wings,3,,19515,02:31,at Little Caesars Arena (Detroit MI),2018-11-03
3/11/2018,Columbus Blue Jackets,1,Los Angeles Kings,4,,18230,02:32,,2018-11-03
3/11/2018,Tampa Bay Lightning,4,Montreal Canadiens,1,,21302,02:31,,2018-11-03
3/11/2018,Boston Bruins,0,Nashville Predators,1,,17535,02:38,,2018-11-03
3/11/2018,New Jersey Devils,0,New York Islanders,3,,11901,02:26,,2018-11-03
3/11/2018,Toronto Maple Leafs,5,Pittsburgh Penguins,0,,18638,02:38,,2018-11-03
3/11/2018,Philadelphia Flyers,3,San Jose Sharks,4,OT,17562,02:29,,2018-11-03
3/11/2018,Minnesota Wild,5,St. Louis Blues,1,,17767,02:27,,2018-11-03
3/11/2018,Carolina Hurricanes,0,Vegas Golden Knights,3,,18328,02:29,,2018-11-03
3/11/2018,Dallas Stars,4,Washington Capitals,3,OT,18506,02:40,,2018-11-03
4/11/2018,Columbus Blue Jackets,2,Anaheim Ducks,3,OT,16727,02:31,,2018-11-04
4/11/2018,Buffalo Sabres,1,New York Rangers,3,,16904,02:26,,2018-11-04
4/11/2018,Tampa Bay Lightning,4,Ottawa Senators,3,OT,11364,02:29,,2018-11-04
5/11/2018,Philadelphia Flyers,5,Arizona Coyotes,2,,13719,02:28,,2018-11-05
5/11/2018,Dallas Stars,1,Boston Bruins,2,OT,17565,02:34,,2018-11-05
5/11/2018,Montreal Canadiens,4,New York Islanders,3,SO,9402,02:40,,2018-11-05
5/11/2018,New Jersey Devils,5,Pittsburgh Penguins,1,,18420,02:38,,2018-11-05
5/11/2018,Edmonton Oilers,2,Washington Capitals,4,,18506,02:30,,2018-11-05
6/11/2018,Dallas Stars,1,Columbus Blue Jackets,4,,14159,02:24,,2018-11-06
6/11/2018,Vancouver Canucks,2,Detroit Red Wings,3,SO,18640,02:47,at Little Caesars Arena (Detroit MI),2018-11-06
6/11/2018,Anaheim Ducks,1,Los Angeles Kings,4,,18230,02:41,,2018-11-06
6/11/2018,Montreal Canadiens,3,New York Rangers,5,,17428,02:40,,2018-11-06
6/11/2018,New Jersey Devils,3,Ottawa Senators,7,,12491,02:37,,2018-11-06
6/11/2018,Minnesota Wild,3,San Jose Sharks,4,,15853,02:23,,2018-11-06
6/11/2018,Carolina Hurricanes,1,St. Louis Blues,4,,16210,02:31,,2018-11-06
6/11/2018,Edmonton Oilers,2,Tampa Bay Lightning,5,,19092,02:33,,2018-11-06
6/11/2018,Vegas Golden Knights,1,Toronto Maple Leafs,3,,19045,02:34,,2018-11-06
7/11/2018,Calgary Flames,2,Anaheim Ducks,3,,16461,02:23,,2018-11-07
7/11/2018,Nashville Predators,4,Colorado Avalanche,1,,16923,02:44,,2018-11-07
7/11/2018,Pittsburgh Penguins,1,Washington Capitals,2,,18506,02:33,,2018-11-07
8/11/2018,Vancouver Canucks,8,Boston Bruins,5,,17565,02:38,,2018-11-08
8/11/2018,Carolina Hurricanes,4,Chicago Blackhawks,3,,21331,02:20,,2018-11-08
8/11/2018,San Jose Sharks,3,Dallas Stars,4,,18137,02:33,,2018-11-08
8/11/2018,Edmonton Oilers,1,Florida Panthers,4,,11484,02:33,,2018-11-08
8/11/2018,Minnesota Wild,3,Los Angeles Kings,1,,17621,02:29,,2018-11-08
8/11/2018,Buffalo Sabres,6,Montreal Canadiens,5,OT,20488,02:40,,2018-11-08
8/11/2018,Vegas Golden Knights,5,Ottawa Senators,3,,15213,02:37,,2018-11-08
8/11/2018,Arizona Coyotes,4,Philadelphia Flyers,5,OT,18884,02:28,,2018-11-08
8/11/2018,New York Islanders,2,Tampa Bay Lightning,4,,19092,02:30,,2018-11-08
9/11/2018,Minnesota Wild,5,Anaheim Ducks,1,,16464,02:30,,2018-11-09
9/11/2018,New York Rangers,2,Detroit Red Wings,3,OT,19515,02:38,at Little Caesars Arena (Detroit MI),2018-11-09
9/11/2018,San Jose Sharks,0,St. Louis Blues,4,,17032,02:21,,2018-11-09
9/11/2018,New Jersey Devils,1,Toronto Maple Leafs,6,,19211,02:32,,2018-11-09
9/11/2018,Colorado Avalanche,2,Winnipeg Jets,5,,15321,02:23,,2018-11-09
9/11/2018,Columbus Blue Jackets,2,Washington Capitals,1,,18506,02:31,,2018-11-09
10/11/2018,Toronto Maple Leafs,1,Boston Bruins,5,,17565,02:34,,2018-11-10
10/11/2018,Vancouver Canucks,3,Buffalo Sabres,4,SO,17541,02:42,,2018-11-10
10/11/2018,Detroit Red Wings,4,Carolina Hurricanes,3,SO,13029,02:42,,2018-11-10
10/11/2018,New York Rangers,5,Columbus Blue Jackets,4,SO,18384,02:47,,2018-11-10
10/11/2018,Nashville Predators,5,Dallas Stars,4,OT,18532,02:42,,2018-11-10
10/11/2018,New York Islanders,2,Florida Panthers,4,,11947,02:28,,2018-11-10
10/11/2018,Calgary Flames,1,Los Angeles Kings,0,,18230,02:32,,2018-11-10
10/11/2018,Vegas Golden Knights,4,Montreal Canadiens,5,,21302,02:30,,2018-11-10
10/11/2018,Chicago Blackhawks,0,Philadelphia Flyers,4,,19355,02:25,,2018-11-10
10/11/2018,Arizona Coyotes,0,Pittsburgh Penguins,4,,18596,02:31,,2018-11-10
10/11/2018,Ottawa Senators,6,Tampa Bay Lightning,4,,19092,02:35,,2018-11-10
11/11/2018,Vegas Golden Knights,1,Boston Bruins,4,,17565,02:30,,2018-11-11
11/11/2018,Colorado Avalanche,4,Edmonton Oilers,1,,18347,02:14,,2018-11-11
11/11/2018,Ottawa Senators,1,Florida Panthers,5,,11192,02:35,,2018-11-11
11/11/2018,Calgary Flames,1,San Jose Sharks,3,,17562,02:22,,2018-11-11
11/11/2018,Minnesota Wild,3,St. Louis Blues,2,,16735,02:33,,2018-11-11
11/11/2018,New Jersey Devils,2,Winnipeg Jets,5,,15321,02:30,,2018-11-11
11/11/2018,Arizona Coyotes,4,Washington Capitals,1,,18506,02:27,,2018-11-11
12/11/2018,Nashville Predators,1,Anaheim Ducks,2,SO,16629,03:04,,2018-11-12
12/11/2018,Chicago Blackhawks,2,Carolina Hurricanes,3,OT,11221,02:28,,2018-11-12
12/11/2018,Columbus Blue Jackets,2,Dallas Stars,1,,17543,02:32,,2018-11-12
12/11/2018,Vancouver Canucks,1,New York Rangers,2,,17100,02:28,,2018-11-12
13/11/2018,Tampa Bay Lightning,1,Buffalo Sabres,2,,15833,02:31,,2018-11-13
13/11/2018,Arizona Coyotes,1,Detroit Red Wings,6,,18257,02:39,at Little Caesars Arena (Detroit MI),2018-11-13
13/11/2018,Montreal Canadiens,2,Edmonton Oilers,6,,18347,02:28,,2018-11-13
13/11/2018,Toronto Maple Leafs,5,Los Angeles Kings,1,,17859,02:21,,2018-11-13
13/11/2018,Washington Capitals,5,Minnesota Wild,2,,19101,02:33,,2018-11-13
13/11/2018,Pittsburgh Penguins,2,New Jersey Devils,4,,15108,02:41,,2018-11-13
13/11/2018,Vancouver Canucks,2,New York Islanders,5,,8806,02:26,,2018-11-13
13/11/2018,Florida Panthers,2,Philadelphia Flyers,1,,19147,02:30,,2018-11-13
13/11/2018,Nashville Predators,4,San Jose Sharks,5,,16654,02:33,,2018-11-13
14/11/2018,St. Louis Blues,0,Chicago Blackhawks,1,,21401,02:19,,2018-11-14
14/11/2018,Boston Bruins,3,Colorado Avalanche,6,,16124,02:20,,2018-11-14
14/11/2018,Anaheim Ducks,0,Vegas Golden Knights,5,,18111,02:25,,2018-11-14
14/11/2018,Washington Capitals,1,Winnipeg Jets,3,,15321,02:22,,2018-11-14
15/11/2018,Nashville Predators,1,Arizona Coyotes,2,,13315,02:29,,2018-11-15
15/11/2018,Florida Panthers,3,Columbus Blue Jackets,7,,14872,02:31,,2018-11-15
15/11/2018,Montreal Canadiens,3,Calgary Flames,2,,18443,02:32,,2018-11-15
15/11/2018,Vancouver Canucks,2,Minnesota Wild,6,,19014,02:35,,2018-11-15
15/11/2018,New York Rangers,5,New York Islanders,7,,13472,02:40,,2018-11-15
15/11/2018,Detroit Red Wings,1,Ottawa Senators,2,,13402,02:39,,2018-11-15
15/11/2018,New Jersey Devils,3,Philadelphia Flyers,0,,18806,02:34,,2018-11-15
15/11/2018,Tampa Bay Lightning,4,Pittsburgh Penguins,3,,18422,02:31,,2018-11-15
15/11/2018,Toronto Maple Leafs,5,San Jose Sharks,3,,17011,02:27,,2018-11-15
16/11/2018,Toronto Maple Leafs,2,Anaheim Ducks,1,OT,16666,02:34,,2018-11-16
16/11/2018,Los Angeles Kings,2,Chicago Blackhawks,1,SO,21227,02:36,,2018-11-16
16/11/2018,Washington Capitals,3,Colorado Avalanche,2,OT,18050,02:35,,2018-11-16
16/11/2018,Boston Bruins,0,Dallas Stars,1,OT,18532,02:37,,2018-11-16
16/11/2018,St. Louis Blues,4,Vegas Golden Knights,1,,18488,02:25,,2018-11-16
16/11/2018,Buffalo Sabres,2,Winnipeg Jets,1,SO,15321,02:37,,2018-11-16
17/11/2018,Boston Bruins,2,Arizona Coyotes,1,,16386,02:23,,2018-11-17
17/11/2018,Columbus Blue Jackets,4,Carolina Hurricanes,1,,13040,02:25,,2018-11-17
17/11/2018,Edmonton Oilers,2,Calgary Flames,4,,19289,02:45,,2018-11-17
17/11/2018,Buffalo Sabres,3,Minnesota Wild,2,,18947,02:22,,2018-11-17
17/11/2018,Detroit Red Wings,3,New Jersey Devils,2,OT,16514,02:37,,2018-11-17
17/11/2018,Los Angeles Kings,3,Nashville Predators,5,,17627,02:34,,2018-11-17
17/11/2018,Florida Panthers,2,New York Rangers,4,,18006,02:30,,2018-11-17
17/11/2018,Pittsburgh Penguins,4,Ottawa Senators,6,,17692,02:28,,2018-11-17
17/11/2018,Tampa Bay Lightning,6,Philadelphia Flyers,5,OT,19060,02:40,,2018-11-17
17/11/2018,St. Louis Blues,0,San Jose Sharks,4,,17417,02:24,,2018-11-17
17/11/2018,Montreal Canadiens,3,Vancouver Canucks,2,,17880,02:35,,2018-11-17
18/11/2018,Colorado Avalanche,4,Anaheim Ducks,3,OT,16502,02:40,,2018-11-18
18/11/2018,New Jersey Devils,1,Carolina Hurricanes,2,,11211,02:30,,2018-11-18
18/11/2018,Minnesota Wild,1,Chicago Blackhawks,3,,21373,02:33,,2018-11-18
18/11/2018,Vegas Golden Knights,6,Edmonton Oilers,3,,18347,02:31,,2018-11-18
18/11/2018,Dallas Stars,6,New York Islanders,2,,10650,02:24,,2018-11-18
19/11/2018,Vegas Golden Knights,2,Calgary Flames,7,,17635,02:23,,2018-11-19
19/11/2018,Washington Capitals,5,Montreal Canadiens,4,OT,21911,02:52,,2018-11-19
19/11/2018,Tampa Bay Lightning,2,Nashville Predators,3,,17419,02:29,,2018-11-19
19/11/2018,Dallas Stars,1,New York Rangers,2,,17071,02:22,,2018-11-19
19/11/2018,Florida Panthers,7,Ottawa Senators,5,,11570,02:41,,2018-11-19
19/11/2018,Buffalo Sabres,5,Pittsburgh Penguins,4,OT,18618,02:37,,2018-11-19
19/11/2018,Los Angeles Kings,2,St. Louis Blues,0,,16860,02:21,,2018-11-19
19/11/2018,Columbus Blue Jackets,2,Toronto Maple Leafs,4,,19134,02:32,,2018-11-19
19/11/2018,Winnipeg Jets,6,Vancouver Canucks,3,,17917,02:32,,2018-11-19
20/11/2018,Edmonton Oilers,4,San Jose Sharks,3,OT,17562,02:30,,2018-11-20
21/11/2018,Vancouver Canucks,3,Anaheim Ducks,4,,16091,02:32,,2018-11-21
21/11/2018,Vegas Golden Knights,3,Arizona Coyotes,2,OT,14151,02:39,,2018-11-21
21/11/2018,Philadelphia Flyers,2,Buffalo Sabres,5,,19070,02:26,,2018-11-21
21/11/2018,Toronto Maple Leafs,2,Carolina Hurricanes,5,,12562,02:31,,2018-11-21
21/11/2018,Winnipeg Jets,3,Calgary Flames,6,,17661,02:35,,2018-11-21
21/11/2018,Boston Bruins,2,Detroit Red Wings,3,OT,19515,02:29,at Little Caesars Arena (Detroit MI),2018-11-21
21/11/2018,Colorado Avalanche,7,Los Angeles Kings,3,,17840,02:40,,2018-11-21
21/11/2018,Ottawa Senators,4,Minnesota Wild,6,,19035,02:36,,2018-11-21
21/11/2018,Montreal Canadiens,2,New Jersey Devils,5,,16514,02:24,,2018-11-21
21/11/2018,St. Louis Blues,1,Nashville Predators,4,,17558,02:39,,2018-11-21
21/11/2018,New York Islanders,0,New York Rangers,5,,17297,02:25,,2018-11-21
21/11/2018,Dallas Stars,1,Pittsburgh Penguins,5,,18430,02:18,,2018-11-21
21/11/2018,Florida Panthers,3,Tampa Bay Lightning,7,,19092,02:28,,2018-11-21
21/11/2018,Chicago Blackhawks,2,Washington Capitals,4,,18506,02:30,,2018-11-21
23/11/2018,Edmonton Oilers,1,Anaheim Ducks,2,OT,16497,02:23,,2018-11-23
23/11/2018,Colorado Avalanche,5,Arizona Coyotes,1,,12029,02:30,,2018-11-23
23/11/2018,Pittsburgh Penguins,1,Boston Bruins,2,OT,17565,02:41,,2018-11-23
23/11/2018,Montreal Canadiens,2,Buffalo Sabres,3,OT,19070,02:37,,2018-11-23
23/11/2018,Florida Panthers,1,Carolina Hurricanes,4,,13226,02:28,,2018-11-23
23/11/2018,Toronto Maple Leafs,2,Columbus Blue Jackets,4,,18656,02:21,,2018-11-23
23/11/2018,Ottawa Senators,4,Dallas Stars,6,,18532,02:40,,2018-11-23
23/11/2018,Winnipeg Jets,2,Minnesota Wild,4,,19116,02:42,,2018-11-23
23/11/2018,New York Islanders,4,New Jersey Devils,3,OT,16514,02:38,,2018-11-23
23/11/2018,New York Rangers,0,Philadelphia Flyers,4,,19523,02:31,,2018-11-23
23/11/2018,Vancouver Canucks,0,San Jose Sharks,4,,17056,02:21,,2018-11-23
23/11/2018,Nashville Predators,2,St. Louis Blues,6,,16192,02:30,,2018-11-23
23/11/2018,Chicago Blackhawks,2,Tampa Bay Lightning,4,,19092,02:20,,2018-11-23
23/11/2018,Calgary Flames,0,Vegas Golden Knights,2,,18206,02:25,,2018-11-23
23/11/2018,Detroit Red Wings,1,Washington Capitals,3,,18506,02:32,,2018-11-23
24/11/2018,Dallas Stars,2,Colorado Avalanche,3,,18010,02:31,,2018-11-24
24/11/2018,Buffalo Sabres,3,Detroit Red Wings,2,SO,19515,02:51,at Little Caesars Arena (Detroit MI),2018-11-24
24/11/2018,Chicago Blackhawks,5,Florida Panthers,4,OT,14283,02:37,,2018-11-24
24/11/2018,Vancouver Canucks,4,Los Angeles Kings,2,,17725,02:23,,2018-11-24
24/11/2018,Boston Bruins,3,Montreal Canadiens,2,,21302,02:37,,2018-11-24
24/11/2018,Carolina Hurricanes,1,New York Islanders,4,,10015,02:23,,2018-11-24
24/11/2018,Washington Capitals,5,New York Rangers,3,,16884,02:17,,2018-11-24
24/11/2018,Columbus Blue Jackets,2,Pittsburgh Penguins,4,,18602,02:37,,2018-11-24
24/11/2018,Winnipeg Jets,8,St. Louis Blues,4,,17028,02:35,,2018-11-24
24/11/2018,Philadelphia Flyers,0,Toronto Maple Leafs,6,,19373,02:25,,2018-11-24
24/11/2018,San Jose Sharks,0,Vegas Golden Knights,6,,18252,02:34,,2018-11-24
25/11/2018,Calgary Flames,6,Arizona Coyotes,1,,12821,02:29,,2018-11-25
25/11/2018,Edmonton Oilers,2,Los Angeles Kings,5,,17581,02:39,,2018-11-25
25/11/2018,Anaheim Ducks,2,Nashville Predators,5,,17167,02:43,,2018-11-25
25/11/2018,New Jersey Devils,2,Tampa Bay Lightning,5,,19092,02:33,,2018-11-25
26/11/2018,Columbus Blue Jackets,7,Detroit Red Wings,5,,17510,02:31,at Little Caesars Arena (Detroit MI),2018-11-26
26/11/2018,New Jersey Devils,3,Florida Panthers,4,OT,9456,02:43,,2018-11-26
26/11/2018,Washington Capitals,4,New York Islanders,1,,9072,02:20,,2018-11-26
26/11/2018,Ottawa Senators,2,New York Rangers,4,,16709,02:37,,2018-11-26
26/11/2018,Boston Bruins,2,Toronto Maple Leafs,4,,19286,02:27,,2018-11-26
27/11/2018,San Jose Sharks,2,Buffalo Sabres,3,OT,19070,02:39,,2018-11-27
27/11/2018,Vegas Golden Knights,8,Chicago Blackhawks,3,,21460,02:26,,2018-11-27
27/11/2018,Dallas Stars,0,Edmonton Oilers,1,OT,18347,02:32,,2018-11-27
27/11/2018,Arizona Coyotes,4,Minnesota Wild,3,,18706,02:27,,2018-11-27
27/11/2018,Carolina Hurricanes,2,Montreal Canadiens,1,,20835,02:27,,2018-11-27
27/11/2018,Colorado Avalanche,3,Nashville Predators,2,,17163,02:29,,2018-11-27
27/11/2018,Ottawa Senators,4,Philadelphia Flyers,3,,19083,02:28,,2018-11-27
27/11/2018,Anaheim Ducks,3,Tampa Bay Lightning,1,,19092,02:25,,2018-11-27
27/11/2018,Los Angeles Kings,2,Vancouver Canucks,1,OT,17790,02:26,,2018-11-27
27/11/2018,Pittsburgh Penguins,4,Winnipeg Jets,3,,15321,02:23,,2018-11-27
28/11/2018,Dallas Stars,4,Calgary Flames,3,OT,17676,02:32,,2018-11-28
28/11/2018,Pittsburgh Penguins,3,Colorado Avalanche,6,,17348,02:31,,2018-11-28
28/11/2018,St. Louis Blues,3,Detroit Red Wings,4,,18165,02:36,at Little Caesars Arena (Detroit MI),2018-11-28
28/11/2018,Anaheim Ducks,3,Florida Panthers,2,,9078,02:31,,2018-11-28
28/11/2018,San Jose Sharks,3,Toronto Maple Leafs,5,,19362,02:36,,2018-11-28
29/11/2018,New York Islanders,1,Boston Bruins,2,SO,17565,02:42,,2018-11-29
29/11/2018,Minnesota Wild,2,Columbus Blue Jackets,4,,15210,02:28,,2018-11-29
29/11/2018,Los Angeles Kings,2,Edmonton Oilers,3,,18347,02:35,,2018-11-29
29/11/2018,Arizona Coyotes,3,Nashville Predators,0,,17165,02:33,,2018-11-29
29/11/2018,New York Rangers,0,Ottawa Senators,3,,10921,02:13,,2018-11-29
29/11/2018,Buffalo Sabres,4,Tampa Bay Lightning,5,,19092,02:33,,2018-11-29
29/11/2018,Vegas Golden Knights,4,Vancouver Canucks,3,,16880,02:25,,2018-11-29
29/11/2018,Chicago Blackhawks,5,Winnipeg Jets,6,,15321,02:21,,2018-11-29
30/11/2018,Anaheim Ducks,2,Carolina Hurricanes,1,OT,13987,02:34,,2018-11-30
30/11/2018,Los Angeles Kings,1,Calgary Flames,4,,17989,02:18,,2018-11-30
30/11/2018,St. Louis Blues,3,Colorado Avalanche,2,OT,18021,02:38,,2018-11-30
30/11/2018,Buffalo Sabres,2,Florida Panthers,3,OT,12179,02:36,,2018-11-30
30/11/2018,New Jersey Devils,3,Washington Capitals,6,,18506,02:33,,2018-11-30
1/12/2018,St. Louis Blues,1,Arizona Coyotes,6,,13451,02:30,,2018-12-01
1/12/2018,Detroit Red Wings,4,Boston Bruins,2,,17565,02:40,,2018-12-01
1/12/2018,Vegas Golden Knights,1,Edmonton Oilers,2,,18347,02:19,,2018-12-01
1/12/2018,Tampa Bay Lightning,5,Florida Panthers,4,OT,12361,02:47,,2018-12-01
1/12/2018,Toronto Maple Leafs,5,Minnesota Wild,3,,19107,02:31,,2018-12-01
1/12/2018,New York Rangers,2,Montreal Canadiens,5,,21302,02:26,,2018-12-01
1/12/2018,Winnipeg Jets,4,New Jersey Devils,3,OT,16514,02:46,,2018-12-01
1/12/2018,Chicago Blackhawks,2,Nashville Predators,5,,17548,02:26,,2018-12-01
1/12/2018,Columbus Blue Jackets,2,New York Islanders,3,,13917,02:30,at Nassau Veterans Memorial Coliseum (Uniondale NY),2018-12-01
1/12/2018,San Jose Sharks,2,Ottawa Senators,6,,17531,02:37,,2018-12-01
1/12/2018,Philadelphia Flyers,4,Pittsburgh Penguins,2,,18653,02:23,,2018-12-01
1/12/2018,Dallas Stars,2,Vancouver Canucks,1,,17387,02:30,,2018-12-01
2/12/2018,Calgary Flames,3,Chicago Blackhawks,2,,21074,02:30,,2018-12-02
2/12/2018,Colorado Avalanche,2,Detroit Red Wings,0,,18248,02:32,at Little Caesars Arena (Detroit MI),2018-12-02
2/12/2018,Carolina Hurricanes,0,Los Angeles Kings,2,,17546,02:38,,2018-12-02
2/12/2018,San Jose Sharks,3,Montreal Canadiens,1,,20301,02:24,,2018-12-02
2/12/2018,Winnipeg Jets,4,New York Rangers,3,SO,17464,02:42,,2018-12-02
2/12/2018,Anaheim Ducks,6,Washington Capitals,5,,18506,02:35,,2018-12-02
3/12/2018,Edmonton Oilers,1,Dallas Stars,4,,18125,02:34,,2018-12-03
3/12/2018,Tampa Bay Lightning,5,New Jersey Devils,1,,13394,02:32,,2018-12-03
3/12/2018,Buffalo Sabres,1,Nashville Predators,2,,17311,02:31,,2018-12-03
4/12/2018,Toronto Maple Leafs,4,Buffalo Sabres,3,OT,19070,02:38,,2018-12-04
4/12/2018,Calgary Flames,9,Columbus Blue Jackets,6,,14885,02:30,,2018-12-04
4/12/2018,Tampa Bay Lightning,6,Detroit Red Wings,5,SO,18477,02:42,at Little Caesars Arena (Detroit MI),2018-12-04
4/12/2018,Boston Bruins,0,Florida Panthers,5,,12058,02:40,,2018-12-04
4/12/2018,Arizona Coyotes,2,Los Angeles Kings,1,,17203,02:32,,2018-12-04
4/12/2018,Ottawa Senators,2,Montreal Canadiens,5,,20705,02:25,,2018-12-04
4/12/2018,Winnipeg Jets,3,New York Islanders,1,,9125,02:22,,2018-12-04
4/12/2018,Colorado Avalanche,3,Pittsburgh Penguins,6,,18415,02:34,,2018-12-04
4/12/2018,Minnesota Wild,3,Vancouver Canucks,2,,17122,02:25,,2018-12-04
4/12/2018,Washington Capitals,3,Vegas Golden Knights,5,,18275,02:36,,2018-12-04
5/12/2018,Chicago Blackhawks,2,Anaheim Ducks,4,,15696,02:24,,2018-12-05
5/12/2018,Carolina Hurricanes,1,San Jose Sharks,5,,17119,02:24,,2018-12-05
5/12/2018,Edmonton Oilers,3,St. Louis Blues,2,SO,16551,02:37,,2018-12-05
6/12/2018,Washington Capitals,4,Arizona Coyotes,2,,11910,02:21,,2018-12-06
6/12/2018,Minnesota Wild,0,Calgary Flames,2,,17690,02:33,,2018-12-06
6/12/2018,Colorado Avalanche,5,Florida Panthers,2,,10077,02:29,,2018-12-06
6/12/2018,New Jersey Devils,6,Los Angeles Kings,3,,17568,02:47,,2018-12-06
6/12/2018,Montreal Canadiens,5,Ottawa Senators,2,,15820,02:24,,2018-12-06
6/12/2018,Columbus Blue Jackets,4,Philadelphia Flyers,3,OT,19428,02:30,,2018-12-06
6/12/2018,New York Islanders,2,Pittsburgh Penguins,6,,18440,02:25,,2018-12-06
6/12/2018,Boston Bruins,2,Tampa Bay Lightning,3,,19092,02:24,,2018-12-06
6/12/2018,Detroit Red Wings,5,Toronto Maple Leafs,4,OT,19392,02:37,,2018-12-06
6/12/2018,Nashville Predators,3,Vancouver Canucks,5,,16894,02:25,,2018-12-06
6/12/2018,Chicago Blackhawks,3,Vegas Golden Knights,4,,18494,02:32,,2018-12-06
7/12/2018,Carolina Hurricanes,4,Anaheim Ducks,1,,15573,02:35,,2018-12-07
7/12/2018,San Jose Sharks,2,Dallas Stars,3,,18342,02:26,,2018-12-07
7/12/2018,Minnesota Wild,2,Edmonton Oilers,7,,18347,02:28,,2018-12-07
7/12/2018,St. Louis Blues,1,Winnipeg Jets,0,,15321,02:27,,2018-12-07
8/12/2018,San Jose Sharks,5,Arizona Coyotes,3,,13780,02:29,,2018-12-08
8/12/2018,Toronto Maple Leafs,3,Boston Bruins,6,,17565,02:39,,2018-12-08
8/12/2018,Philadelphia Flyers,6,Buffalo Sabres,2,,18283,02:29,,2018-12-08
8/12/2018,Washington Capitals,4,Columbus Blue Jackets,0,,18501,02:29,,2018-12-08
8/12/2018,Nashville Predators,2,Calgary Flames,5,,17717,02:17,,2018-12-08
8/12/2018,New York Islanders,3,Detroit Red Wings,2,,19515,02:39,at Little Caesars Arena (Detroit MI),2018-12-08
8/12/2018,New York Rangers,5,Florida Panthers,4,SO,15295,02:43,,2018-12-08
8/12/2018,Vegas Golden Knights,1,Los Angeles Kings,5,,17631,02:25,,2018-12-08
8/12/2018,Pittsburgh Penguins,1,Ottawa Senators,2,OT,15795,02:28,,2018-12-08
8/12/2018,Colorado Avalanche,1,Tampa Bay Lightning,7,,19092,02:32,,2018-12-08
9/12/2018,New Jersey Devils,5,Anaheim Ducks,6,SO,16470,02:45,,2018-12-09
9/12/2018,Montreal Canadiens,3,Chicago Blackhawks,2,,21057,02:32,,2018-12-09
9/12/2018,Calgary Flames,0,Edmonton Oilers,1,,18347,02:25,,2018-12-09
9/12/2018,Boston Bruins,2,Ottawa Senators,1,OT,13148,02:33,,2018-12-09
9/12/2018,Vancouver Canucks,6,St. Louis Blues,1,,16841,02:22,,2018-12-09
9/12/2018,Dallas Stars,2,Vegas Golden Knights,4,,18240,02:31,,2018-12-09
9/12/2018,Philadelphia Flyers,1,Winnipeg Jets,7,,15321,02:38,,2018-12-09
10/12/2018,Los Angeles Kings,1,Detroit Red Wings,3,,18322,02:24,at Little Caesars Arena (Detroit MI),2018-12-10
10/12/2018,Pittsburgh Penguins,2,New York Islanders,1,SO,13917,02:43,at Nassau Veterans Memorial Coliseum (Uniondale NY),2018-12-10
10/12/2018,New Jersey Devils,2,San Jose Sharks,5,,17097,02:28,,2018-12-10
10/12/2018,New York Rangers,3,Tampa Bay Lightning,6,,19092,02:33,,2018-12-10
11/12/2018,Arizona Coyotes,3,Boston Bruins,4,,17565,02:35,,2018-12-11
11/12/2018,Los Angeles Kings,3,Buffalo Sabres,4,OT,17897,02:50,,2018-12-11
11/12/2018,Toronto Maple Leafs,4,Carolina Hurricanes,1,,11907,02:21,,2018-12-11
11/12/2018,Vancouver Canucks,3,Columbus Blue Jackets,2,,14689,02:28,,2018-12-11
11/12/2018,Edmonton Oilers,6,Colorado Avalanche,4,,15809,02:36,,2018-12-11
11/12/2018,Montreal Canadiens,1,Minnesota Wild,7,,18681,02:24,,2018-12-11
11/12/2018,Ottawa Senators,1,Nashville Predators,3,,17162,02:24,,2018-12-11
11/12/2018,Florida Panthers,3,St. Louis Blues,4,,16255,02:38,,2018-12-11
11/12/2018,Chicago Blackhawks,3,Winnipeg Jets,6,,15321,02:23,,2018-12-11
11/12/2018,Detroit Red Wings,2,Washington Capitals,6,,18506,02:35,,2018-12-11
12/12/2018,Dallas Stars,3,Anaheim Ducks,6,,16810,02:32,,2018-12-12
12/12/2018,Philadelphia Flyers,5,Calgary Flames,6,OT,17763,02:31,,2018-12-12
12/12/2018,Pittsburgh Penguins,3,Chicago Blackhawks,6,,21232,02:28,,2018-12-12
12/12/2018,Vegas Golden Knights,3,New York Islanders,2,,9182,02:39,,2018-12-12
13/12/2018,Arizona Coyotes,1,Buffalo Sabres,3,,16872,02:33,,2018-12-13
13/12/2018,Los Angeles Kings,1,Columbus Blue Jackets,4,,15087,02:30,,2018-12-13
13/12/2018,Florida Panthers,1,Minnesota Wild,5,,18714,02:32,,2018-12-13
13/12/2018,Carolina Hurricanes,4,Montreal Canadiens,6,,20407,02:33,,2018-12-13
13/12/2018,Vancouver Canucks,3,Nashville Predators,4,OT,17206,02:41,,2018-12-13
13/12/2018,Dallas Stars,2,San Jose Sharks,3,,17185,02:30,,2018-12-13
13/12/2018,Toronto Maple Leafs,1,Tampa Bay Lightning,4,,19092,02:39,,2018-12-13
13/12/2018,Edmonton Oilers,4,Winnipeg Jets,5,OT,15321,02:35,,2018-12-13
14/12/2018,Washington Capitals,6,Carolina Hurricanes,5,SO,14446,02:45,,2018-12-14
14/12/2018,Winnipeg Jets,4,Chicago Blackhawks,3,OT,21235,02:33,,2018-12-14
14/12/2018,Ottawa Senators,4,Detroit Red Wings,2,,18330,02:32,at Little Caesars Arena (Detroit MI),2018-12-14
14/12/2018,Philadelphia Flyers,1,Edmonton Oilers,4,,18347,02:24,,2018-12-14
14/12/2018,Vegas Golden Knights,4,New Jersey Devils,5,OT,14076,02:31,,2018-12-14
14/12/2018,Arizona Coyotes,4,New York Rangers,3,OT,17441,02:33,,2018-12-14
14/12/2018,Boston Bruins,3,Pittsburgh Penguins,5,,18549,02:32,,2018-12-14
14/12/2018,Colorado Avalanche,3,St. Louis Blues,4,OT,16366,02:39,,2018-12-14
15/12/2018,Anaheim Ducks,2,Columbus Blue Jackets,1,OT,16171,02:33,,2018-12-15
15/12/2018,Dallas Stars,4,Colorado Avalanche,6,,17626,02:54,,2018-12-15
15/12/2018,Toronto Maple Leafs,3,Florida Panthers,4,OT,14177,02:48,,2018-12-15
15/12/2018,Calgary Flames,2,Minnesota Wild,1,,18882,02:25,,2018-12-15
15/12/2018,Ottawa Senators,2,Montreal Canadiens,5,,21302,02:33,,2018-12-15
15/12/2018,New Jersey Devils,1,Nashville Predators,2,SO,17446,02:57,,2018-12-15
15/12/2018,Detroit Red Wings,3,New York Islanders,4,SO,13917,02:47,at Nassau Veterans Memorial Coliseum (Uniondale NY),2018-12-15
15/12/2018,Los Angeles Kings,3,Pittsburgh Penguins,4,OT,18627,02:32,,2018-12-15
15/12/2018,Philadelphia Flyers,1,Vancouver Canucks,5,,17238,02:23,,2018-12-15
15/12/2018,Buffalo Sabres,3,Washington Capitals,4,SO,18506,02:43,,2018-12-15
16/12/2018,Buffalo Sabres,4,Boston Bruins,2,,17565,02:34,,2018-12-16
16/12/2018,Arizona Coyotes,0,Carolina Hurricanes,3,,13051,02:25,,2018-12-16
16/12/2018,San Jose Sharks,7,Chicago Blackhawks,3,,21237,02:26,,2018-12-16
16/12/2018,Vegas Golden Knights,4,New York Rangers,3,OT,17660,02:38,,2018-12-16
16/12/2018,Calgary Flames,7,St. Louis Blues,2,,17064,02:26,,2018-12-16
16/12/2018,Edmonton Oilers,2,Vancouver Canucks,4,,18036,02:23,,2018-12-16
16/12/2018,Tampa Bay Lightning,4,Winnipeg Jets,5,OT,15321,02:38,,2018-12-16
17/12/2018,Vegas Golden Knights,0,Columbus Blue Jackets,1,,15008,02:21,,2018-12-17
17/12/2018,New York Islanders,4,Colorado Avalanche,1,,15066,02:29,,2018-12-17
17/12/2018,Boston Bruins,4,Montreal Canadiens,0,,21302,02:22,,2018-12-17
17/12/2018,Nashville Predators,3,Ottawa Senators,4,OT,14492,02:37,,2018-12-17
17/12/2018,Anaheim Ducks,4,Pittsburgh Penguins,2,,18575,02:23,,2018-12-17
18/12/2018,New York Islanders,3,Arizona Coyotes,1,,11640,02:25,,2018-12-18
18/12/2018,Florida Panthers,5,Buffalo Sabres,2,,17602,02:27,,2018-12-18
18/12/2018,Nashville Predators,1,Chicago Blackhawks,2,,21223,02:29,,2018-12-18
18/12/2018,Calgary Flames,0,Dallas Stars,2,,18127,02:32,,2018-12-18
18/12/2018,St. Louis Blues,4,Edmonton Oilers,1,,18347,02:33,,2018-12-18
18/12/2018,Winnipeg Jets,1,Los Angeles Kings,4,,17405,02:30,,2018-12-18
18/12/2018,San Jose Sharks,4,Minnesota Wild,0,,18870,02:23,,2018-12-18
18/12/2018,Toronto Maple Leafs,7,New Jersey Devils,2,,14586,02:30,,2018-12-18
18/12/2018,Anaheim Ducks,1,New York Rangers,3,,17590,02:27,,2018-12-18
18/12/2018,Detroit Red Wings,2,Philadelphia Flyers,3,,19255,02:30,,2018-12-18
18/12/2018,Tampa Bay Lightning,5,Vancouver Canucks,2,,17193,02:42,,2018-12-18
19/12/2018,Montreal Canadiens,1,Colorado Avalanche,2,,15469,02:32,,2018-12-19
19/12/2018,Pittsburgh Penguins,2,Washington Capitals,1,,18506,02:34,,2018-12-19
20/12/2018,Montreal Canadiens,2,Arizona Coyotes,1,,11149,02:29,,2018-12-20
20/12/2018,Anaheim Ducks,1,Boston Bruins,3,,17565,02:30,,2018-12-20
20/12/2018,Detroit Red Wings,4,Carolina Hurricanes,1,,13548,02:36,,2018-12-20
20/12/2018,New Jersey Devils,1,Columbus Blue Jackets,2,,15595,02:30,,2018-12-20
20/12/2018,Tampa Bay Lightning,5,Calgary Flames,4,SO,19289,02:50,,2018-12-20
20/12/2018,Chicago Blackhawks,5,Dallas Stars,2,,18532,02:31,,2018-12-20
20/12/2018,Nashville Predators,1,Philadelphia Flyers,2,,19142,02:23,,2018-12-20
20/12/2018,Minnesota Wild,1,Pittsburgh Penguins,2,,18435,02:29,,2018-12-20
20/12/2018,Winnipeg Jets,5,San Jose Sharks,3,,17213,02:29,,2018-12-20
20/12/2018,Florida Panthers,1,Toronto Maple Leafs,6,,19329,02:31,,2018-12-20
20/12/2018,St. Louis Blues,1,Vancouver Canucks,5,,18261,02:31,,2018-12-20
20/12/2018,New York Islanders,2,Vegas Golden Knights,4,,18226,02:35,,2018-12-20
21/12/2018,Chicago Blackhawks,2,Colorado Avalanche,1,,17850,02:26,,2018-12-21
21/12/2018,Ottawa Senators,2,New Jersey Devils,5,,14614,02:38,,2018-12-21
21/12/2018,Buffalo Sabres,1,Washington Capitals,2,,18506,02:27,,2018-12-21
22/12/2018,Colorado Avalanche,4,Arizona Coyotes,6,,13896,02:35,,2018-12-22
22/12/2018,Nashville Predators,2,Boston Bruins,5,,17565,02:33,,2018-12-22
22/12/2018,Anaheim Ducks,0,Buffalo Sabres,3,,19070,02:33,,2018-12-22
22/12/2018,Pittsburgh Penguins,3,Carolina Hurricanes,0,,16264,02:24,,2018-12-22
22/12/2018,St. Louis Blues,3,Calgary Flames,1,,18683,02:23,,2018-12-22
22/12/2018,Florida Panthers,2,Detroit Red Wings,1,,19515,02:28,at Little Caesars Arena (Detroit MI),2018-12-22
22/12/2018,Tampa Bay Lightning,6,Edmonton Oilers,3,,18347,02:39,,2018-12-22
22/12/2018,Dallas Stars,2,Minnesota Wild,1,OT,19074,02:40,,2018-12-22
22/12/2018,Washington Capitals,4,Ottawa Senators,0,,15605,02:19,,2018-12-22
22/12/2018,Columbus Blue Jackets,4,Philadelphia Flyers,3,,19311,02:26,,2018-12-22
22/12/2018,Los Angeles Kings,3,San Jose Sharks,2,OT,17562,02:35,,2018-12-22
22/12/2018,New York Rangers,3,Toronto Maple Leafs,5,,19466,02:21,,2018-12-22
22/12/2018,Winnipeg Jets,1,Vancouver Canucks,0,,18028,02:23,,2018-12-22
22/12/2018,Montreal Canadiens,4,Vegas Golden Knights,3,OT,18173,02:33,,2018-12-22
23/12/2018,Boston Bruins,3,Carolina Hurricanes,5,,17491,02:37,,2018-12-23
23/12/2018,Florida Panthers,6,Chicago Blackhawks,3,,21789,02:16,,2018-12-23
23/12/2018,New York Islanders,3,Dallas Stars,1,,18031,02:26,,2018-12-23
23/12/2018,Columbus Blue Jackets,3,New Jersey Devils,0,,12872,02:26,,2018-12-23
23/12/2018,Philadelphia Flyers,3,New York Rangers,2,SO,17515,02:43,,2018-12-23
23/12/2018,Arizona Coyotes,4,San Jose Sharks,3,SO,17325,02:38,,2018-12-23
23/12/2018,Detroit Red Wings,4,Toronto Maple Leafs,5,OT,19196,02:31,,2018-12-23
23/12/2018,Los Angeles Kings,4,Vegas Golden Knights,3,OT,18225,02:25,,2018-12-23
27/12/2018,New Jersey Devils,5,Boston Bruins,2,,17565,02:31,,2018-12-27
27/12/2018,Minnesota Wild,2,Chicago Blackhawks,5,,21735,02:36,,2018-12-27
27/12/2018,Vancouver Canucks,4,Edmonton Oilers,2,,18347,02:27,,2018-12-27
27/12/2018,Arizona Coyotes,1,Los Angeles Kings,2,,18230,02:30,,2018-12-27
27/12/2018,Dallas Stars,2,Nashville Predators,0,,17697,02:37,,2018-12-27
27/12/2018,Columbus Blue Jackets,4,New York Rangers,3,OT,18006,02:29,,2018-12-27
27/12/2018,Detroit Red Wings,2,Pittsburgh Penguins,5,,18639,02:28,,2018-12-27
27/12/2018,Anaheim Ducks,2,San Jose Sharks,4,,17562,02:24,,2018-12-27
27/12/2018,Buffalo Sabres,1,St. Louis Blues,4,,17867,02:21,,2018-12-27
27/12/2018,Philadelphia Flyers,5,Tampa Bay Lightning,6,OT,19092,02:41,,2018-12-27
27/12/2018,Colorado Avalanche,1,Vegas Golden Knights,2,,18505,02:27,,2018-12-27
27/12/2018,Calgary Flames,4,Winnipeg Jets,1,,15321,02:29,,2018-12-27
27/12/2018,Carolina Hurricanes,1,Washington Capitals,3,,18506,02:29,,2018-12-27
28/12/2018,Toronto Maple Leafs,4,Columbus Blue Jackets,2,,18963,02:24,,2018-12-28
28/12/2018,Montreal Canadiens,5,Florida Panthers,3,,19512,02:24,,2018-12-28
28/12/2018,Ottawa Senators,3,New York Islanders,6,,13434,02:35,,2018-12-28
29/12/2018,Arizona Coyotes,5,Anaheim Ducks,4,OT,17174,02:33,,2018-12-29
29/12/2018,Boston Bruins,3,Buffalo Sabres,2,OT,19070,02:29,,2018-12-29
29/12/2018,Vancouver Canucks,3,Calgary Flames,2,OT,19289,02:35,,2018-12-29
29/12/2018,Chicago Blackhawks,3,Colorado Avalanche,2,OT,18028,02:33,,2018-12-29
29/12/2018,Detroit Red Wings,1,Dallas Stars,5,,18532,02:36,,2018-12-29
29/12/2018,San Jose Sharks,7,Edmonton Oilers,4,,18347,02:29,,2018-12-29
29/12/2018,Philadelphia Flyers,1,Florida Panthers,2,,15737,02:30,,2018-12-29
29/12/2018,Vegas Golden Knights,4,Los Angeles Kings,1,,18230,02:28,,2018-12-29
29/12/2018,Carolina Hurricanes,0,New Jersey Devils,2,,16514,02:36,,2018-12-29
29/12/2018,New York Rangers,4,Nashville Predators,3,,17673,02:37,,2018-12-29
29/12/2018,Washington Capitals,3,Ottawa Senators,2,,16808,02:30,,2018-12-29
29/12/2018,Pittsburgh Penguins,6,St. Louis Blues,1,,17475,02:33,,2018-12-29
29/12/2018,Montreal Canadiens,5,Tampa Bay Lightning,6,,19092,02:37,,2018-12-29
29/12/2018,New York Islanders,4,Toronto Maple Leafs,0,,19514,02:29,,2018-12-29
29/12/2018,Minnesota Wild,3,Winnipeg Jets,1,,15321,02:25,,2018-12-29
30/12/2018,Vegas Golden Knights,5,Arizona Coyotes,1,,17125,02:31,,2018-12-30
31/12/2018,Tampa Bay Lightning,2,Anaheim Ducks,1,OT,17340,02:25,,2018-12-31
31/12/2018,New York Islanders,3,Buffalo Sabres,1,,19070,02:26,,2018-12-31
31/12/2018,Philadelphia Flyers,1,Carolina Hurricanes,3,,16644,02:27,,2018-12-31
31/12/2018,Ottawa Senators,3,Columbus Blue Jackets,6,,18549,02:41,,2018-12-31
31/12/2018,San Jose Sharks,5,Calgary Flames,8,,19289,02:43,,2018-12-31
31/12/2018,Los Angeles Kings,3,Colorado Avalanche,2,OT,18017,02:27,,2018-12-31
31/12/2018,Montreal Canadiens,3,Dallas Stars,2,OT,18532,02:29,,2018-12-31
31/12/2018,Florida Panthers,4,Detroit Red Wings,3,SO,19515,02:52,at Little Caesars Arena (Detroit MI),2018-12-31
31/12/2018,Winnipeg Jets,4,Edmonton Oilers,3,,18347,02:27,,2018-12-31
31/12/2018,Pittsburgh Penguins,3,Minnesota Wild,2,,19163,02:29,,2018-12-31
31/12/2018,Vancouver Canucks,0,New Jersey Devils,4,,15772,02:21,,2018-12-31
31/12/2018,New York Rangers,2,St. Louis Blues,1,,16849,02:29,,2018-12-31
31/12/2018,Nashville Predators,6,Washington Capitals,3,,18506,02:33,,2018-12-31
1/1/2019,Boston Bruins,4,Chicago Blackhawks,2,,76126,02:37,NHL Winter Classic,2019-01-01
1/1/2019,Philadelphia Flyers,0,Nashville Predators,4,,17481,02:26,,2019-01-01
1/1/2019,Los Angeles Kings,0,Vegas Golden Knights,2,,18319,02:23,,2019-01-01
2/1/2019,Edmonton Oilers,3,Arizona Coyotes,1,,12583,02:24,,2019-01-02
2/1/2019,San Jose Sharks,5,Colorado Avalanche,4,,17891,02:31,,2019-01-02
2/1/2019,New Jersey Devils,4,Dallas Stars,5,,18133,02:29,,2019-01-02
2/1/2019,Calgary Flames,5,Detroit Red Wings,3,,19515,02:36,at Little Caesars Arena (Detroit MI),2019-01-02
2/1/2019,Pittsburgh Penguins,7,New York Rangers,2,,18006,02:31,,2019-01-02
2/1/2019,Vancouver Canucks,4,Ottawa Senators,3,OT,16358,02:41,,2019-01-02
3/1/2019,Calgary Flames,4,Boston Bruins,6,,17565,02:23,,2019-01-03
3/1/2019,Florida Panthers,3,Buffalo Sabres,4,,18551,02:36,,2019-01-03
3/1/2019,Tampa Bay Lightning,6,Los Angeles Kings,2,,17551,02:30,,2019-01-03
3/1/2019,Vancouver Canucks,0,Montreal Canadiens,2,,21302,02:35,,2019-01-03
3/1/2019,Chicago Blackhawks,2,New York Islanders,3,OT,13454,02:33,at Nassau Veterans Memorial Coliseum (Uniondale NY),2019-01-03
3/1/2019,Carolina Hurricanes,5,Philadelphia Flyers,3,,18718,02:41,,2019-01-03
3/1/2019,Washington Capitals,2,St. Louis Blues,5,,17200,02:25,,2019-01-03
3/1/2019,Minnesota Wild,4,Toronto Maple Leafs,3,,19244,02:35,,2019-01-03
4/1/2019,Vegas Golden Knights,3,Anaheim Ducks,2,,17222,02:24,,2019-01-04
4/1/2019,New Jersey Devils,3,Arizona Coyotes,2,SO,12636,02:46,,2019-01-04
4/1/2019,Columbus Blue Jackets,2,Carolina Hurricanes,4,,15346,02:21,,2019-01-04
4/1/2019,New York Rangers,1,Colorado Avalanche,6,,17287,02:26,,2019-01-04
4/1/2019,Washington Capitals,1,Dallas Stars,2,OT,18532,02:32,,2019-01-04
4/1/2019,Nashville Predators,3,Detroit Red Wings,4,OT,19515,02:37,at Little Caesars Arena (Detroit MI),2019-01-04
4/1/2019,Winnipeg Jets,0,Pittsburgh Penguins,4,,18642,02:29,,2019-01-04
5/1/2019,Buffalo Sabres,1,Boston Bruins,2,,17565,02:31,,2019-01-05
5/1/2019,Columbus Blue Jackets,4,Florida Panthers,3,OT,15213,02:27,,2019-01-05
5/1/2019,Edmonton Oilers,0,Los Angeles Kings,4,,18230,02:29,,2019-01-05
5/1/2019,Nashville Predators,4,Montreal Canadiens,1,,21302,02:29,,2019-01-05
5/1/2019,Minnesota Wild,4,Ottawa Senators,3,,14124,02:29,,2019-01-05
5/1/2019,Calgary Flames,3,Philadelphia Flyers,2,OT,19236,02:31,,2019-01-05
5/1/2019,Tampa Bay Lightning,2,San Jose Sharks,5,,17562,02:27,,2019-01-05
5/1/2019,New York Islanders,4,St. Louis Blues,3,,16801,02:30,,2019-01-05
5/1/2019,Vancouver Canucks,0,Toronto Maple Leafs,5,,19388,02:23,,2019-01-05
6/1/2019,Edmonton Oilers,4,Anaheim Ducks,0,,17317,02:30,,2019-01-06
6/1/2019,New York Rangers,0,Arizona Coyotes,5,,12396,02:18,,2019-01-06
6/1/2019,Washington Capitals,3,Detroit Red Wings,2,,19515,02:30,at Little Caesars Arena (Detroit MI),2019-01-06
6/1/2019,Carolina Hurricanes,5,Ottawa Senators,4,,12924,02:22,,2019-01-06
6/1/2019,Chicago Blackhawks,5,Pittsburgh Penguins,3,,18623,02:24,,2019-01-06
6/1/2019,New Jersey Devils,2,Vegas Golden Knights,3,,18103,02:36,,2019-01-06
6/1/2019,Dallas Stars,1,Winnipeg Jets,5,,15321,02:24,,2019-01-06
7/1/2019,Calgary Flames,4,Chicago Blackhawks,3,,21036,02:26,,2019-01-07
7/1/2019,Minnesota Wild,1,Montreal Canadiens,0,,20601,02:26,,2019-01-07
7/1/2019,St. Louis Blues,3,Philadelphia Flyers,0,,19021,02:25,,2019-01-07
7/1/2019,Los Angeles Kings,1,San Jose Sharks,3,,15447,02:20,,2019-01-07
7/1/2019,Nashville Predators,4,Toronto Maple Leafs,0,,19059,02:22,,2019-01-07
8/1/2019,Minnesota Wild,0,Boston Bruins,4,,17565,02:28,,2019-01-08
8/1/2019,New Jersey Devils,1,Buffalo Sabres,5,,18212,02:30,,2019-01-08
8/1/2019,Montreal Canadiens,3,Detroit Red Wings,2,,18898,02:30,at Little Caesars Arena (Detroit MI),2019-01-08
8/1/2019,Carolina Hurricanes,4,New York Islanders,3,,13769,02:26,at Nassau Veterans Memorial Coliseum (Uniondale NY),2019-01-08
8/1/2019,Florida Panthers,1,Pittsburgh Penguins,5,,18526,02:29,,2019-01-08
8/1/2019,Edmonton Oilers,2,San Jose Sharks,7,,17320,02:25,,2019-01-08
8/1/2019,Dallas Stars,3,St. Louis Blues,1,,17037,02:23,,2019-01-08
8/1/2019,Columbus Blue Jackets,0,Tampa Bay Lightning,4,,19092,02:21,,2019-01-08
8/1/2019,New York Rangers,2,Vegas Golden Knights,4,,18249,02:43,,2019-01-08
8/1/2019,Colorado Avalanche,4,Winnipeg Jets,7,,15321,02:22,,2019-01-08
8/1/2019,Philadelphia Flyers,3,Washington Capitals,5,,18506,02:37,,2019-01-08
9/1/2019,Ottawa Senators,2,Anaheim Ducks,1,OT,17174,02:32,,2019-01-09
9/1/2019,Colorado Avalanche,3,Calgary Flames,5,,18220,02:26,,2019-01-09
9/1/2019,Nashville Predators,4,Chicago Blackhawks,3,OT,21255,02:27,,2019-01-09
10/1/2019,Washington Capitals,4,Boston Bruins,2,,17565,02:35,,2019-01-10
10/1/2019,Nashville Predators,3,Columbus Blue Jackets,4,OT,17065,02:35,,2019-01-10
10/1/2019,Florida Panthers,3,Edmonton Oilers,4,SO,18347,02:38,,2019-01-10
10/1/2019,Ottawa Senators,4,Los Angeles Kings,1,,17713,02:31,,2019-01-10
10/1/2019,Winnipeg Jets,2,Minnesota Wild,3,,19072,02:25,,2019-01-10
10/1/2019,Toronto Maple Leafs,4,New Jersey Devils,2,,15280,02:34,,2019-01-10
10/1/2019,New York Islanders,4,New York Rangers,3,,17938,02:32,,2019-01-10
10/1/2019,Dallas Stars,1,Philadelphia Flyers,2,,19448,02:28,,2019-01-10
10/1/2019,Montreal Canadiens,1,St. Louis Blues,4,,17839,02:28,,2019-01-10
10/1/2019,Carolina Hurricanes,1,Tampa Bay Lightning,3,,19092,02:34,,2019-01-10
10/1/2019,Arizona Coyotes,4,Vancouver Canucks,3,OT,18527,02:33,,2019-01-10
10/1/2019,San Jose Sharks,3,Vegas Golden Knights,2,,18367,02:28,,2019-01-10
11/1/2019,Pittsburgh Penguins,7,Anaheim Ducks,4,,17473,02:25,,2019-01-11
11/1/2019,Buffalo Sabres,3,Carolina Hurricanes,4,,17199,02:30,,2019-01-11
11/1/2019,Florida Panthers,3,Calgary Flames,4,,18579,02:28,,2019-01-11
11/1/2019,Detroit Red Wings,2,Winnipeg Jets,4,,15321,02:23,,2019-01-11
12/1/2019,Tampa Bay Lightning,5,Buffalo Sabres,3,,19070,02:33,,2019-01-12
12/1/2019,Vegas Golden Knights,4,Chicago Blackhawks,3,OT,21760,02:31,,2019-01-12
12/1/2019,St. Louis Blues,3,Dallas Stars,1,,18124,02:27,,2019-01-12
12/1/2019,Arizona Coyotes,3,Edmonton Oilers,2,,18347,02:27,,2019-01-12
12/1/2019,Pittsburgh Penguins,2,Los Angeles Kings,5,,18414,02:36,,2019-01-12
12/1/2019,Detroit Red Wings,5,Minnesota Wild,2,,19087,02:28,,2019-01-12
12/1/2019,Colorado Avalanche,0,Montreal Canadiens,3,,21302,02:20,,2019-01-12
12/1/2019,Philadelphia Flyers,2,New Jersey Devils,3,,16514,02:32,,2019-01-12
12/1/2019,New York Rangers,2,New York Islanders,1,,15497,02:27,,2019-01-12
12/1/2019,Ottawa Senators,1,San Jose Sharks,4,,17562,02:21,,2019-01-12
12/1/2019,Boston Bruins,3,Toronto Maple Leafs,2,,19305,02:24,,2019-01-12
12/1/2019,Columbus Blue Jackets,2,Washington Capitals,1,OT,18506,02:40,,2019-01-12
13/1/2019,Nashville Predators,3,Carolina Hurricanes,6,,16347,02:31,,2019-01-13
13/1/2019,New York Rangers,5,Columbus Blue Jackets,7,,17417,02:33,,2019-01-13
13/1/2019,Arizona Coyotes,1,Calgary Flames,7,,17849,02:25,,2019-01-13
13/1/2019,Tampa Bay Lightning,1,New York Islanders,5,,11193,02:28,,2019-01-13
13/1/2019,Florida Panthers,1,Vancouver Canucks,5,,18610,02:42,,2019-01-13
13/1/2019,Anaheim Ducks,3,Winnipeg Jets,4,OT,15321,02:33,,2019-01-13
14/1/2019,Montreal Canadiens,3,Boston Bruins,2,OT,17565,02:37,,2019-01-14
14/1/2019,Buffalo Sabres,2,Edmonton Oilers,7,,18347,02:29,,2019-01-14
14/1/2019,Chicago Blackhawks,5,New Jersey Devils,8,,15204,02:29,,2019-01-14
14/1/2019,Minnesota Wild,4,Philadelphia Flyers,7,,19123,02:42,,2019-01-14
14/1/2019,Colorado Avalanche,6,Toronto Maple Leafs,3,,19248,02:26,,2019-01-14
14/1/2019,St. Louis Blues,4,Washington Capitals,1,,18506,02:26,,2019-01-14
15/1/2019,New Jersey Devils,1,Columbus Blue Jackets,4,,16377,02:25,,2019-01-15
15/1/2019,Tampa Bay Lightning,2,Dallas Stars,0,,18021,02:27,,2019-01-15
15/1/2019,Anaheim Ducks,1,Detroit Red Wings,3,,19515,02:25,at Little Caesars Arena (Detroit MI),2019-01-15
15/1/2019,Los Angeles Kings,2,Minnesota Wild,3,SO,19017,02:45,,2019-01-15
15/1/2019,Florida Panthers,1,Montreal Canadiens,5,,20576,02:35,,2019-01-15
15/1/2019,Washington Capitals,2,Nashville Predators,7,,17336,02:33,,2019-01-15
15/1/2019,St. Louis Blues,1,New York Islanders,2,OT,10042,02:29,,2019-01-15
15/1/2019,Carolina Hurricanes,2,New York Rangers,6,,17636,02:26,,2019-01-15
15/1/2019,Pittsburgh Penguins,2,San Jose Sharks,5,,17292,02:22,,2019-01-15
15/1/2019,Vegas Golden Knights,1,Winnipeg Jets,4,,15321,02:27,,2019-01-15
16/1/2019,San Jose Sharks,3,Arizona Coyotes,6,,13342,02:29,,2019-01-16
16/1/2019,Buffalo Sabres,4,Calgary Flames,3,OT,18286,02:34,,2019-01-16
16/1/2019,Colorado Avalanche,2,Ottawa Senators,5,,14468,02:29,,2019-01-16
16/1/2019,Boston Bruins,3,Philadelphia Flyers,4,,19297,02:55,,2019-01-16
16/1/2019,Edmonton Oilers,3,Vancouver Canucks,2,SO,18166,02:50,,2019-01-16
17/1/2019,St. Louis Blues,2,Boston Bruins,5,,17565,02:24,,2019-01-17
17/1/2019,Los Angeles Kings,2,Dallas Stars,1,,18045,02:32,,2019-01-17
17/1/2019,Anaheim Ducks,3,Minnesota Wild,0,,18907,02:24,,2019-01-17
17/1/2019,Winnipeg Jets,5,Nashville Predators,1,,17507,02:33,,2019-01-17
17/1/2019,New Jersey Devils,1,New York Islanders,4,,12088,02:21,at Nassau Veterans Memorial Coliseum (Uniondale NY),2019-01-17
17/1/2019,Chicago Blackhawks,3,New York Rangers,4,,17434,02:32,,2019-01-17
17/1/2019,Toronto Maple Leafs,4,Tampa Bay Lightning,2,,19092,02:34,,2019-01-17
18/1/2019,Pittsburgh Penguins,3,Arizona Coyotes,2,OT,14757,02:38,,2019-01-18
18/1/2019,Ottawa Senators,4,Carolina Hurricanes,1,,15598,02:22,,2019-01-18
18/1/2019,Montreal Canadiens,4,Columbus Blue Jackets,1,,18892,02:25,,2019-01-18
18/1/2019,Detroit Red Wings,4,Calgary Flames,6,,19289,02:38,,2019-01-18
18/1/2019,Toronto Maple Leafs,1,Florida Panthers,3,,16741,02:23,,2019-01-18
18/1/2019,Buffalo Sabres,3,Vancouver Canucks,4,,18176,02:26,,2019-01-18
18/1/2019,New York Islanders,2,Washington Capitals,0,,18605,02:17,,2019-01-18
19/1/2019,New York Rangers,3,Boston Bruins,2,,17565,02:39,,2019-01-19
19/1/2019,Los Angeles Kings,1,Colorado Avalanche,7,,18043,02:34,,2019-01-19
19/1/2019,Winnipeg Jets,2,Dallas Stars,4,,18532,02:38,,2019-01-19
19/1/2019,Calgary Flames,5,Edmonton Oilers,2,,18347,02:35,,2019-01-19
19/1/2019,Columbus Blue Jackets,1,Minnesota Wild,2,,19054,02:27,,2019-01-19
19/1/2019,Philadelphia Flyers,5,Montreal Canadiens,2,,21302,02:19,,2019-01-19
19/1/2019,Anaheim Ducks,3,New Jersey Devils,2,,15231,02:23,,2019-01-19
19/1/2019,Florida Panthers,4,Nashville Predators,2,,17716,02:33,,2019-01-19
19/1/2019,Ottawa Senators,2,St. Louis Blues,3,,17690,02:34,,2019-01-19
19/1/2019,San Jose Sharks,3,Tampa Bay Lightning,6,,19092,02:29,,2019-01-19
19/1/2019,Pittsburgh Penguins,3,Vegas Golden Knights,7,,18511,02:36,,2019-01-19
20/1/2019,Washington Capitals,5,Chicago Blackhawks,8,,21316,02:36,,2019-01-20
20/1/2019,Carolina Hurricanes,7,Edmonton Oilers,4,,18347,02:28,,2019-01-20
20/1/2019,Anaheim Ducks,0,New York Islanders,3,,13917,02:21,at Nassau Veterans Memorial Coliseum (Uniondale NY),2019-01-20
20/1/2019,Arizona Coyotes,4,Toronto Maple Leafs,2,,19165,02:23,,2019-01-20
20/1/2019,Detroit Red Wings,2,Vancouver Canucks,3,,18865,02:32,,2019-01-20
21/1/2019,Nashville Predators,4,Colorado Avalanche,1,,18018,02:28,,2019-01-21
21/1/2019,San Jose Sharks,2,Florida Panthers,6,,14014,02:33,,2019-01-21
21/1/2019,St. Louis Blues,3,Los Angeles Kings,4,,18230,02:33,,2019-01-21
21/1/2019,Minnesota Wild,4,Vegas Golden Knights,2,,18328,02:40,,2019-01-21
22/1/2019,Carolina Hurricanes,2,Calgary Flames,3,OT,18508,02:36,,2019-01-22
22/1/2019,New York Islanders,2,Chicago Blackhawks,3,SO,21330,02:36,,2019-01-22
22/1/2019,Detroit Red Wings,3,Edmonton Oilers,2,,18347,02:27,,2019-01-22
22/1/2019,Arizona Coyotes,3,Ottawa Senators,2,,12236,02:27,,2019-01-22
22/1/2019,San Jose Sharks,7,Washington Capitals,6,OT,18506,02:39,,2019-01-22
23/1/2019,St. Louis Blues,5,Anaheim Ducks,1,,16795,02:21,,2019-01-23
23/1/2019,Minnesota Wild,5,Colorado Avalanche,2,,17310,02:34,,2019-01-23
23/1/2019,Arizona Coyotes,1,Montreal Canadiens,2,,21002,02:23,,2019-01-23
23/1/2019,Washington Capitals,3,Toronto Maple Leafs,6,,19148,02:28,,2019-01-23
23/1/2019,Carolina Hurricanes,5,Vancouver Canucks,2,,18373,02:32,,2019-01-23
23/1/2019,Nashville Predators,2,Vegas Golden Knights,1,,18477,02:37,,2019-01-23
28/1/2019,Winnipeg Jets,1,Philadelphia Flyers,3,,19087,02:30,,2019-01-28
28/1/2019,New Jersey Devils,6,Pittsburgh Penguins,3,,18609,02:32,,2019-01-28
29/1/2019,Winnipeg Jets,4,Boston Bruins,3,SO,17565,02:52,,2019-01-29
29/1/2019,Buffalo Sabres,5,Columbus Blue Jackets,4,,15615,02:27,,2019-01-29
29/1/2019,Philadelphia Flyers,1,New York Rangers,0,,17163,02:28,,2019-01-29
30/1/2019,Buffalo Sabres,0,Dallas Stars,1,,17986,02:28,,2019-01-30
30/1/2019,Tampa Bay Lightning,2,Pittsburgh Penguins,4,,18514,02:29,,2019-01-30
31/1/2019,Philadelphia Flyers,3,Boston Bruins,2,OT,17565,02:34,,2019-01-31
31/1/2019,New York Rangers,4,New Jersey Devils,3,,16514,02:30,,2019-01-31
31/1/2019,Columbus Blue Jackets,3,Winnipeg Jets,4,,15321,02:24,,2019-01-31
1/2/2019,Chicago Blackhawks,7,Buffalo Sabres,3,,18205,02:26,,2019-02-01
1/2/2019,Vegas Golden Knights,2,Carolina Hurricanes,5,,17104,02:26,,2019-02-01
1/2/2019,Minnesota Wild,1,Dallas Stars,3,,18124,02:28,,2019-02-01
1/2/2019,Toronto Maple Leafs,2,Detroit Red Wings,3,OT,19515,02:25,at Little Caesars Arena (Detroit MI),2019-02-01
1/2/2019,Nashville Predators,4,Florida Panthers,1,,13158,02:29,,2019-02-01
1/2/2019,Tampa Bay Lightning,1,New York Islanders,0,SO,13971,02:42,at Nassau Veterans Memorial Coliseum (Uniondale NY),2019-02-01
1/2/2019,Ottawa Senators,3,Pittsburgh Penguins,5,,18618,02:29,,2019-02-01
1/2/2019,Calgary Flames,3,Washington Capitals,4,,18506,02:37,,2019-02-01
2/2/2019,St. Louis Blues,4,Columbus Blue Jackets,2,,18681,02:24,,2019-02-02
2/2/2019,Vancouver Canucks,5,Colorado Avalanche,1,,18027,02:26,,2019-02-02
2/2/2019,Vegas Golden Knights,1,Florida Panthers,3,,15202,02:27,,2019-02-02
2/2/2019,Chicago Blackhawks,4,Minnesota Wild,3,OT,19114,02:39,,2019-02-02
2/2/2019,New Jersey Devils,3,Montreal Canadiens,2,OT,21302,02:28,,2019-02-02
2/2/2019,Dallas Stars,3,Nashville Predators,1,,17722,02:35,,2019-02-02
2/2/2019,Los Angeles Kings,2,New York Islanders,4,,13917,02:30,at Nassau Veterans Memorial Coliseum (Uniondale NY),2019-02-02
2/2/2019,Tampa Bay Lightning,3,New York Rangers,2,,17468,02:30,,2019-02-02
2/2/2019,Detroit Red Wings,2,Ottawa Senators,0,,15714,02:24,,2019-02-02
2/2/2019,Edmonton Oilers,4,Philadelphia Flyers,5,OT,19526,02:32,,2019-02-02
2/2/2019,Arizona Coyotes,2,San Jose Sharks,3,OT,17227,02:27,,2019-02-02
2/2/2019,Pittsburgh Penguins,2,Toronto Maple Leafs,3,,19477,02:30,,2019-02-02
2/2/2019,Anaheim Ducks,3,Winnipeg Jets,9,,15321,02:30,,2019-02-02
3/2/2019,Calgary Flames,4,Carolina Hurricanes,3,,12621,02:31,,2019-02-03
3/2/2019,Edmonton Oilers,3,Montreal Canadiens,4,OT,21302,02:34,,2019-02-03
3/2/2019,Boston Bruins,1,Washington Capitals,0,,18506,02:22,,2019-02-03
4/2/2019,Arizona Coyotes,4,Dallas Stars,5,,17996,02:42,,2019-02-04
4/2/2019,Los Angeles Kings,4,New York Rangers,3,OT,16233,02:24,,2019-02-04
4/2/2019,Vancouver Canucks,1,Philadelphia Flyers,2,,18671,02:32,,2019-02-04
4/2/2019,Anaheim Ducks,1,Toronto Maple Leafs,6,,18858,02:33,,2019-02-04
5/2/2019,New York Islanders,1,Boston Bruins,3,,17565,02:33,,2019-02-05
5/2/2019,Minnesota Wild,4,Buffalo Sabres,5,SO,16847,02:43,,2019-02-05
5/2/2019,Columbus Blue Jackets,6,Colorado Avalanche,3,,15398,02:31,,2019-02-05
5/2/2019,Chicago Blackhawks,6,Edmonton Oilers,2,,18347,02:32,,2019-02-05
5/2/2019,St. Louis Blues,3,Florida Panthers,2,,10243,02:30,,2019-02-05
5/2/2019,Anaheim Ducks,1,Montreal Canadiens,4,,20680,02:24,,2019-02-05
5/2/2019,Los Angeles Kings,5,New Jersey Devils,1,,14508,02:31,,2019-02-05
5/2/2019,Arizona Coyotes,2,Nashville Predators,5,,17295,02:34,,2019-02-05
5/2/2019,Carolina Hurricanes,4,Pittsburgh Penguins,0,,18435,02:17,,2019-02-05
5/2/2019,Vegas Golden Knights,3,Tampa Bay Lightning,2,SO,19092,02:52,,2019-02-05
5/2/2019,San Jose Sharks,3,Winnipeg Jets,2,OT,15321,02:32,,2019-02-05
5/2/2019,Vancouver Canucks,2,Washington Capitals,3,,18506,02:31,,2019-02-05
6/2/2019,Boston Bruins,3,New York Rangers,4,SO,16848,02:49,,2019-02-06
6/2/2019,Ottawa Senators,4,Toronto Maple Leafs,5,,19264,02:24,,2019-02-06
7/2/2019,Columbus Blue Jackets,4,Arizona Coyotes,2,,15319,02:28,,2019-02-07
7/2/2019,Carolina Hurricanes,6,Buffalo Sabres,5,OT,17588,02:42,,2019-02-07
7/2/2019,San Jose Sharks,5,Calgary Flames,2,,18748,02:27,,2019-02-07
7/2/2019,Vancouver Canucks,3,Chicago Blackhawks,4,OT,21540,02:34,,2019-02-07
7/2/2019,Vegas Golden Knights,4,Detroit Red Wings,3,,18889,02:37,at Little Caesars Arena (Detroit MI),2019-02-07
7/2/2019,Pittsburgh Penguins,2,Florida Panthers,3,OT,14712,02:36,,2019-02-07
7/2/2019,Edmonton Oilers,4,Minnesota Wild,1,,18904,02:31,,2019-02-07
7/2/2019,Winnipeg Jets,2,Montreal Canadiens,5,,21302,02:34,,2019-02-07
7/2/2019,New York Islanders,2,New Jersey Devils,1,SO,13265,02:37,,2019-02-07
7/2/2019,Dallas Stars,2,Nashville Predators,3,OT,17174,02:28,,2019-02-07
7/2/2019,Anaheim Ducks,0,Ottawa Senators,4,,12617,02:19,,2019-02-07
7/2/2019,Los Angeles Kings,3,Philadelphia Flyers,2,SO,18982,02:42,,2019-02-07
7/2/2019,St. Louis Blues,1,Tampa Bay Lightning,0,OT,19092,02:32,,2019-02-07
7/2/2019,Colorado Avalanche,3,Washington Capitals,4,OT,18506,02:39,,2019-02-07
8/2/2019,Carolina Hurricanes,3,New York Rangers,0,,18006,02:19,,2019-02-08
9/2/2019,Dallas Stars,2,Arizona Coyotes,3,,13418,02:33,,2019-02-09
9/2/2019,Los Angeles Kings,4,Boston Bruins,5,OT,17565,02:32,,2019-02-09
9/2/2019,Detroit Red Wings,1,Buffalo Sabres,3,,19070,02:25,,2019-02-09
9/2/2019,San Jose Sharks,5,Edmonton Oilers,2,,18347,02:27,,2019-02-09
9/2/2019,Toronto Maple Leafs,4,Montreal Canadiens,3,OT,21302,02:31,,2019-02-09
9/2/2019,Minnesota Wild,4,New Jersey Devils,2,,15783,02:30,,2019-02-09
9/2/2019,Colorado Avalanche,3,New York Islanders,4,OT,14216,02:35,,2019-02-09
9/2/2019,Winnipeg Jets,2,Ottawa Senators,5,,16263,02:30,,2019-02-09
9/2/2019,Anaheim Ducks,2,Philadelphia Flyers,6,,19072,02:32,,2019-02-09
9/2/2019,Nashville Predators,2,St. Louis Blues,3,,18166,02:30,,2019-02-09
9/2/2019,Pittsburgh Penguins,4,Tampa Bay Lightning,5,,19092,02:53,,2019-02-09
9/2/2019,Calgary Flames,3,Vancouver Canucks,4,SO,18410,02:45,,2019-02-09
9/2/2019,Columbus Blue Jackets,4,Vegas Golden Knights,3,,18301,02:28,,2019-02-09
9/2/2019,Florida Panthers,5,Washington Capitals,4,OT,18506,02:36,,2019-02-09
10/2/2019,Colorado Avalanche,1,Boston Bruins,2,OT,17565,02:38,,2019-02-10
10/2/2019,Winnipeg Jets,3,Buffalo Sabres,1,,17966,02:19,,2019-02-10
10/2/2019,Detroit Red Wings,2,Chicago Blackhawks,5,,21941,02:31,,2019-02-10
10/2/2019,Tampa Bay Lightning,5,Florida Panthers,2,,13566,02:31,,2019-02-10
10/2/2019,Carolina Hurricanes,2,New Jersey Devils,3,,16514,02:36,,2019-02-10
10/2/2019,St. Louis Blues,5,Nashville Predators,4,OT,17622,02:50,,2019-02-10
10/2/2019,Minnesota Wild,1,New York Islanders,2,,13825,02:23,,2019-02-10
10/2/2019,Toronto Maple Leafs,1,New York Rangers,4,,17445,02:25,,2019-02-10
11/2/2019,Pittsburgh Penguins,4,Philadelphia Flyers,1,,19103,02:32,,2019-02-11
11/2/2019,San Jose Sharks,7,Vancouver Canucks,2,,18576,02:22,,2019-02-11
11/2/2019,Los Angeles Kings,4,Washington Capitals,6,,18506,02:25,,2019-02-11
12/2/2019,Chicago Blackhawks,3,Boston Bruins,6,,17565,02:32,,2019-02-12
12/2/2019,New York Islanders,1,Buffalo Sabres,3,,16894,02:21,,2019-02-12
12/2/2019,Washington Capitals,0,Columbus Blue Jackets,3,,15701,02:26,,2019-02-12
12/2/2019,Toronto Maple Leafs,5,Colorado Avalanche,2,,16426,02:25,,2019-02-12
12/2/2019,Dallas Stars,3,Florida Panthers,0,,9472,02:26,,2019-02-12
12/2/2019,Philadelphia Flyers,5,Minnesota Wild,4,,18607,02:33,,2019-02-12
12/2/2019,Detroit Red Wings,3,Nashville Predators,2,,17260,02:29,,2019-02-12
12/2/2019,Carolina Hurricanes,4,Ottawa Senators,1,,10648,02:22,,2019-02-12
12/2/2019,New Jersey Devils,3,St. Louis Blues,8,,17509,02:28,,2019-02-12
12/2/2019,Calgary Flames,3,Tampa Bay Lightning,6,,19092,02:30,,2019-02-12
12/2/2019,Arizona Coyotes,5,Vegas Golden Knights,2,,18212,02:31,,2019-02-12
12/2/2019,New York Rangers,3,Winnipeg Jets,4,,15321,02:22,,2019-02-12
13/2/2019,Vancouver Canucks,0,Anaheim Ducks,1,,17174,02:33,,2019-02-13
13/2/2019,Edmonton Oilers,1,Pittsburgh Penguins,3,,18570,02:30,,2019-02-13
14/2/2019,St. Louis Blues,4,Arizona Coyotes,0,,12553,02:23,,2019-02-14
14/2/2019,New York Islanders,3,Columbus Blue Jackets,0,,16531,02:21,,2019-02-14
14/2/2019,New Jersey Devils,2,Chicago Blackhawks,5,,21038,02:28,,2019-02-14
14/2/2019,Ottawa Senators,2,Detroit Red Wings,3,,18575,02:27,at Little Caesars Arena (Detroit MI),2019-02-14
14/2/2019,Calgary Flames,2,Florida Panthers,3,SO,10198,02:49,,2019-02-14
14/2/2019,Vancouver Canucks,4,Los Angeles Kings,3,SO,18230,02:48,,2019-02-14
14/2/2019,Montreal Canadiens,1,Nashville Predators,3,,17417,02:37,,2019-02-14
14/2/2019,Washington Capitals,5,San Jose Sharks,1,,17562,02:16,,2019-02-14
14/2/2019,Dallas Stars,0,Tampa Bay Lightning,6,,19092,02:28,,2019-02-14
14/2/2019,Toronto Maple Leafs,6,Vegas Golden Knights,3,,18214,02:32,,2019-02-14
14/2/2019,Colorado Avalanche,4,Winnipeg Jets,1,,15321,02:26,,2019-02-14
15/2/2019,Boston Bruins,3,Anaheim Ducks,0,,17174,02:23,,2019-02-15
15/2/2019,New York Rangers,6,Buffalo Sabres,2,,19070,02:29,,2019-02-15
15/2/2019,Edmonton Oilers,1,Carolina Hurricanes,3,,14430,02:35,,2019-02-15
15/2/2019,New Jersey Devils,5,Minnesota Wild,4,OT,19041,02:40,,2019-02-15
16/2/2019,Toronto Maple Leafs,0,Arizona Coyotes,2,,17125,02:23,,2019-02-16
16/2/2019,Dallas Stars,0,Carolina Hurricanes,3,,14369,02:23,,2019-02-16
16/2/2019,Columbus Blue Jackets,5,Chicago Blackhawks,2,,22196,02:22,,2019-02-16
16/2/2019,St. Louis Blues,3,Colorado Avalanche,0,,18076,02:26,,2019-02-16
16/2/2019,Boston Bruins,4,Los Angeles Kings,2,,18230,02:22,,2019-02-16
16/2/2019,Edmonton Oilers,2,New York Islanders,5,,14812,02:29,,2019-02-16
16/2/2019,Detroit Red Wings,5,Philadelphia Flyers,6,OT,19342,02:37,,2019-02-16
16/2/2019,Calgary Flames,5,Pittsburgh Penguins,4,,18667,02:31,,2019-02-16
16/2/2019,Vancouver Canucks,2,San Jose Sharks,3,,17562,02:30,,2019-02-16
16/2/2019,Montreal Canadiens,0,Tampa Bay Lightning,3,,19092,02:42,,2019-02-16
16/2/2019,Nashville Predators,1,Vegas Golden Knights,5,,18430,02:39,,2019-02-16
16/2/2019,Ottawa Senators,4,Winnipeg Jets,3,OT,15321,02:33,,2019-02-16
17/2/2019,Washington Capitals,2,Anaheim Ducks,5,,17495,02:30,,2019-02-17
17/2/2019,Philadelphia Flyers,3,Detroit Red Wings,1,,19515,02:34,at Little Caesars Arena (Detroit MI),2019-02-17
17/2/2019,Montreal Canadiens,3,Florida Panthers,6,,16212,02:37,,2019-02-17
17/2/2019,St. Louis Blues,4,Minnesota Wild,0,,19102,02:22,,2019-02-17
17/2/2019,Buffalo Sabres,1,New Jersey Devils,4,,16514,02:24,,2019-02-17
17/2/2019,New York Rangers,5,Pittsburgh Penguins,6,,18646,02:32,,2019-02-17
18/2/2019,Tampa Bay Lightning,5,Columbus Blue Jackets,1,,16411,02:31,,2019-02-18
18/2/2019,Arizona Coyotes,2,Calgary Flames,5,,18985,02:25,,2019-02-18
18/2/2019,Ottawa Senators,7,Chicago Blackhawks,8,,21338,02:33,,2019-02-18
18/2/2019,Vegas Golden Knights,0,Colorado Avalanche,3,,17808,02:22,,2019-02-18
18/2/2019,Washington Capitals,3,Los Angeles Kings,2,,18230,02:18,,2019-02-18
18/2/2019,Boston Bruins,6,San Jose Sharks,5,OT,17562,02:43,,2019-02-18
19/2/2019,New York Rangers,2,Carolina Hurricanes,1,,13343,02:29,,2019-02-19
19/2/2019,Nashville Predators,5,Dallas Stars,3,,17985,02:38,,2019-02-19
19/2/2019,Arizona Coyotes,3,Edmonton Oilers,2,SO,18347,02:39,,2019-02-19
19/2/2019,Buffalo Sabres,2,Florida Panthers,4,,10340,02:40,,2019-02-19
19/2/2019,Anaheim Ducks,4,Minnesota Wild,0,,18533,02:32,,2019-02-19
19/2/2019,Columbus Blue Jackets,2,Montreal Canadiens,3,,20858,02:26,,2019-02-19
19/2/2019,Pittsburgh Penguins,4,New Jersey Devils,3,,15824,02:24,,2019-02-19
19/2/2019,Tampa Bay Lightning,5,Philadelphia Flyers,2,,18932,02:32,,2019-02-19
19/2/2019,Toronto Maple Leafs,2,St. Louis Blues,3,OT,18598,02:37,,2019-02-19
20/2/2019,New York Islanders,2,Calgary Flames,4,,18632,02:24,,2019-02-20
20/2/2019,Winnipeg Jets,1,Colorado Avalanche,7,,15021,02:36,,2019-02-20
20/2/2019,Chicago Blackhawks,5,Detroit Red Wings,4,OT,18806,02:38,at Little Caesars Arena (Detroit MI),2019-02-20
20/2/2019,Boston Bruins,3,Vegas Golden Knights,2,SO,18222,02:38,,2019-02-20
21/2/2019,St. Louis Blues,2,Dallas Stars,5,,17945,02:33,,2019-02-21
21/2/2019,New York Islanders,3,Edmonton Oilers,4,OT,18347,02:31,,2019-02-21
21/2/2019,Carolina Hurricanes,4,Florida Panthers,3,,10750,02:38,,2019-02-21
21/2/2019,Philadelphia Flyers,1,Montreal Canadiens,5,,21302,02:32,,2019-02-21
21/2/2019,Ottawa Senators,0,New Jersey Devils,4,,12964,02:13,,2019-02-21
21/2/2019,Los Angeles Kings,1,Nashville Predators,2,,17510,02:23,,2019-02-21
21/2/2019,Minnesota Wild,4,New York Rangers,1,,17271,02:29,,2019-02-21
21/2/2019,San Jose Sharks,4,Pittsburgh Penguins,0,,18362,02:36,,2019-02-21
21/2/2019,Buffalo Sabres,1,Tampa Bay Lightning,2,SO,19092,02:48,,2019-02-21
21/2/2019,Washington Capitals,3,Toronto Maple Leafs,2,,19378,02:25,,2019-02-21
21/2/2019,Arizona Coyotes,3,Vancouver Canucks,2,OT,18568,02:32,,2019-02-21
22/2/2019,Anaheim Ducks,1,Calgary Flames,2,,18960,02:19,,2019-02-22
22/2/2019,Colorado Avalanche,5,Chicago Blackhawks,3,,21653,02:27,,2019-02-22
22/2/2019,Minnesota Wild,3,Detroit Red Wings,2,,19515,02:30,at Little Caesars Arena (Detroit MI),2019-02-22
22/2/2019,Columbus Blue Jackets,3,Ottawa Senators,0,,13918,02:20,,2019-02-22
22/2/2019,Winnipeg Jets,6,Vegas Golden Knights,3,,18280,02:35,,2019-02-22
23/2/2019,Washington Capitals,2,Buffalo Sabres,5,,19070,02:30,,2019-02-23
23/2/2019,San Jose Sharks,0,Columbus Blue Jackets,4,,19025,02:21,,2019-02-23
23/2/2019,Carolina Hurricanes,3,Dallas Stars,0,,18532,02:29,,2019-02-23
23/2/2019,Anaheim Ducks,1,Edmonton Oilers,2,,18347,02:31,,2019-02-23
23/2/2019,Los Angeles Kings,1,Florida Panthers,6,,14290,02:22,,2019-02-23
23/2/2019,Colorado Avalanche,5,Nashville Predators,0,,17760,02:33,,2019-02-23
23/2/2019,New Jersey Devils,2,New York Rangers,5,,17371,02:31,,2019-02-23
23/2/2019,Pittsburgh Penguins,3,Philadelphia Flyers,4,OT,69620,02:54,NHL Stadium Series,2019-02-23
23/2/2019,Boston Bruins,1,St. Louis Blues,2,SO,18425,02:39,,2019-02-23
23/2/2019,Montreal Canadiens,3,Toronto Maple Leafs,6,,19506,02:39,,2019-02-23
23/2/2019,New York Islanders,4,Vancouver Canucks,0,,18871,02:22,,2019-02-23
24/2/2019,Winnipeg Jets,1,Arizona Coyotes,4,,17125,02:28,,2019-02-24
24/2/2019,Dallas Stars,4,Chicago Blackhawks,3,,21474,02:32,,2019-02-24
24/2/2019,San Jose Sharks,5,Detroit Red Wings,3,,19515,02:32,at Little Caesars Arena (Detroit MI),2019-02-24
24/2/2019,St. Louis Blues,1,Minnesota Wild,2,OT,18645,02:31,,2019-02-24
24/2/2019,Calgary Flames,2,Ottawa Senators,1,,13160,02:24,,2019-02-24
24/2/2019,New York Rangers,5,Washington Capitals,6,OT,18506,02:40,,2019-02-24
25/2/2019,Florida Panthers,4,Colorado Avalanche,3,OT,14338,02:41,,2019-02-25
25/2/2019,Montreal Canadiens,1,New Jersey Devils,2,,12791,02:41,,2019-02-25
25/2/2019,Edmonton Oilers,2,Nashville Predators,3,SO,17481,02:46,,2019-02-25
25/2/2019,Los Angeles Kings,3,Tampa Bay Lightning,4,SO,19092,03:23,,2019-02-25
25/2/2019,Buffalo Sabres,3,Toronto Maple Leafs,5,,19026,02:29,,2019-02-25
25/2/2019,Anaheim Ducks,0,Vancouver Canucks,4,,18542,02:23,,2019-02-25
26/2/2019,Florida Panthers,3,Arizona Coyotes,4,SO,11912,02:48,,2019-02-26
26/2/2019,San Jose Sharks,1,Boston Bruins,4,,17565,02:26,,2019-02-26
26/2/2019,Los Angeles Kings,1,Carolina Hurricanes,6,,13042,02:25,,2019-02-26
26/2/2019,Pittsburgh Penguins,5,Columbus Blue Jackets,2,,18776,02:25,,2019-02-26
26/2/2019,Montreal Canadiens,8,Detroit Red Wings,1,,18845,02:29,at Little Caesars Arena (Detroit MI),2019-02-26
26/2/2019,Calgary Flames,3,New York Islanders,1,,13097,02:26,at Nassau Veterans Memorial Coliseum (Uniondale NY),2019-02-26
26/2/2019,Buffalo Sabres,2,Philadelphia Flyers,5,,18466,02:30,,2019-02-26
26/2/2019,Nashville Predators,0,St. Louis Blues,2,,16645,02:20,,2019-02-26
26/2/2019,Dallas Stars,1,Vegas Golden Knights,4,,18261,02:39,,2019-02-26
26/2/2019,Minnesota Wild,3,Winnipeg Jets,2,,15321,02:21,,2019-02-26
26/2/2019,Ottawa Senators,2,Washington Capitals,7,,18506,02:27,,2019-02-26
27/2/2019,Chicago Blackhawks,4,Anaheim Ducks,3,,16689,02:28,,2019-02-27
27/2/2019,Vancouver Canucks,2,Colorado Avalanche,3,SO,14867,02:48,,2019-02-27
27/2/2019,Calgary Flames,2,New Jersey Devils,1,,12019,02:29,,2019-02-27
27/2/2019,Tampa Bay Lightning,4,New York Rangers,3,OT,17012,02:39,,2019-02-27
27/2/2019,Edmonton Oilers,2,Toronto Maple Leafs,6,,19356,02:28,,2019-02-27
28/2/2019,Vancouver Canucks,2,Arizona Coyotes,5,,12767,02:26,,2019-02-28
28/2/2019,Tampa Bay Lightning,1,Boston Bruins,4,,17565,02:25,,2019-02-28
28/2/2019,Philadelphia Flyers,3,Columbus Blue Jackets,4,OT,17169,02:46,,2019-02-28
28/2/2019,Dallas Stars,4,Los Angeles Kings,3,OT,18230,02:39,,2019-02-28
28/2/2019,Toronto Maple Leafs,1,New York Islanders,6,,13917,02:40,at Nassau Veterans Memorial Coliseum (Uniondale NY),2019-02-28
28/2/2019,Edmonton Oilers,4,Ottawa Senators,2,,18358,02:24,,2019-02-28
28/2/2019,Florida Panthers,5,Vegas Golden Knights,6,SO,18281,02:50,,2019-02-28
1/3/2019,Vegas Golden Knights,3,Anaheim Ducks,0,,16456,02:22,,2019-03-01
1/3/2019,Pittsburgh Penguins,3,Buffalo Sabres,4,OT,19070,02:41,,2019-03-01
1/3/2019,St. Louis Blues,2,Carolina Hurricanes,5,,15363,02:30,,2019-03-01
1/3/2019,Philadelphia Flyers,6,New Jersey Devils,3,,15247,02:33,,2019-03-01
1/3/2019,Washington Capitals,3,New York Islanders,1,,13971,02:31,at Nassau Veterans Memorial Coliseum (Uniondale NY),2019-03-01
1/3/2019,Montreal Canadiens,4,New York Rangers,2,,17334,02:23,,2019-03-01
1/3/2019,Colorado Avalanche,3,San Jose Sharks,4,,17351,02:27,,2019-03-01
1/3/2019,Nashville Predators,3,Winnipeg Jets,5,,15321,02:34,,2019-03-01
2/3/2019,Detroit Red Wings,1,Arizona Coyotes,3,,15552,02:33,,2019-03-02
2/3/2019,New Jersey Devils,0,Boston Bruins,1,,17565,02:21,,2019-03-02
2/3/2019,Edmonton Oilers,4,Columbus Blue Jackets,0,,18628,02:22,,2019-03-02
2/3/2019,Minnesota Wild,4,Calgary Flames,2,,19289,02:38,,2019-03-02
2/3/2019,Carolina Hurricanes,4,Florida Panthers,3,OT,13923,02:29,,2019-03-02
2/3/2019,Chicago Blackhawks,3,Los Angeles Kings,6,,18230,02:24,,2019-03-02
2/3/2019,Pittsburgh Penguins,5,Montreal Canadiens,1,,21302,02:28,,2019-03-02
2/3/2019,Dallas Stars,4,St. Louis Blues,1,,18166,02:32,,2019-03-02
2/3/2019,Ottawa Senators,1,Tampa Bay Lightning,5,,19092,02:34,,2019-03-02
2/3/2019,Buffalo Sabres,2,Toronto Maple Leafs,5,,19088,02:27,,2019-03-02
3/3/2019,Colorado Avalanche,1,Anaheim Ducks,2,,16690,02:30,,2019-03-03
3/3/2019,Winnipeg Jets,5,Columbus Blue Jackets,2,,16091,02:24,,2019-03-03
3/3/2019,Ottawa Senators,3,Florida Panthers,2,,11752,02:28,,2019-03-03
3/3/2019,Nashville Predators,3,Minnesota Wild,2,SO,18885,02:34,,2019-03-03
3/3/2019,Philadelphia Flyers,4,New York Islanders,1,,13917,02:31,at Nassau Veterans Memorial Coliseum (Uniondale NY),2019-03-03
3/3/2019,Washington Capitals,3,New York Rangers,2,SO,17517,02:42,,2019-03-03
3/3/2019,Chicago Blackhawks,2,San Jose Sharks,5,,17252,02:17,,2019-03-03
3/3/2019,Vancouver Canucks,0,Vegas Golden Knights,3,,18303,02:26,,2019-03-03
4/3/2019,Edmonton Oilers,4,Buffalo Sabres,3,,17775,02:32,,2019-03-04
4/3/2019,Toronto Maple Leafs,6,Calgary Flames,2,,19289,02:31,,2019-03-04
5/3/2019,Anaheim Ducks,3,Arizona Coyotes,1,,11305,02:31,,2019-03-05
5/3/2019,Carolina Hurricanes,3,Boston Bruins,4,OT,17565,02:38,,2019-03-05
5/3/2019,Detroit Red Wings,3,Colorado Avalanche,4,OT,18011,02:36,,2019-03-05
5/3/2019,New York Rangers,0,Dallas Stars,1,,17974,02:29,,2019-03-05
5/3/2019,Montreal Canadiens,3,Los Angeles Kings,1,,17764,02:22,,2019-03-05
5/3/2019,Columbus Blue Jackets,2,New Jersey Devils,1,SO,12085,02:37,,2019-03-05
5/3/2019,Minnesota Wild,4,Nashville Predators,5,SO,17668,02:43,,2019-03-05
5/3/2019,Ottawa Senators,4,New York Islanders,5,SO,11445,02:33,at Nassau Veterans Memorial Coliseum (Uniondale NY),2019-03-05
5/3/2019,Florida Panthers,2,Pittsburgh Penguins,3,OT,18484,02:34,,2019-03-05
5/3/2019,Winnipeg Jets,2,Tampa Bay Lightning,5,,19092,02:37,,2019-03-05
6/3/2019,St. Louis Blues,5,Anaheim Ducks,4,,16854,02:34,,2019-03-06
6/3/2019,Washington Capitals,5,Philadelphia Flyers,3,,19232,02:23,,2019-03-06
6/3/2019,Toronto Maple Leafs,2,Vancouver Canucks,3,OT,18871,02:31,,2019-03-06
6/3/2019,Calgary Flames,1,Vegas Golden Knights,2,,18422,02:43,,2019-03-06
7/3/2019,Calgary Flames,0,Arizona Coyotes,2,,13341,02:21,,2019-03-07
7/3/2019,Florida Panthers,3,Boston Bruins,4,,17565,02:29,,2019-03-07
7/3/2019,Buffalo Sabres,4,Chicago Blackhawks,5,SO,21500,02:38,,2019-03-07
7/3/2019,Colorado Avalanche,0,Dallas Stars,4,,18011,02:22,,2019-03-07
7/3/2019,New York Rangers,2,Detroit Red Wings,3,SO,18333,02:44,at Little Caesars Arena (Detroit MI),2019-03-07
7/3/2019,Vancouver Canucks,2,Edmonton Oilers,3,,18347,02:26,,2019-03-07
7/3/2019,St. Louis Blues,4,Los Angeles Kings,0,,17837,02:26,,2019-03-07
7/3/2019,New York Islanders,4,Ottawa Senators,2,,11967,02:30,,2019-03-07
7/3/2019,Columbus Blue Jackets,0,Pittsburgh Penguins,3,,18611,02:31,,2019-03-07
7/3/2019,Montreal Canadiens,2,San Jose Sharks,5,,17471,02:21,,2019-03-07
7/3/2019,Minnesota Wild,3,Tampa Bay Lightning,0,,19092,02:26,,2019-03-07
8/3/2019,Montreal Canadiens,2,Anaheim Ducks,8,,16580,02:36,,2019-03-08
8/3/2019,Winnipeg Jets,8,Carolina Hurricanes,1,,15928,02:27,,2019-03-08
8/3/2019,Minnesota Wild,2,Florida Panthers,6,,12388,02:25,,2019-03-08
8/3/2019,New Jersey Devils,0,Washington Capitals,3,,18506,02:23,,2019-03-08
9/3/2019,Los Angeles Kings,2,Arizona Coyotes,4,,14976,02:30,,2019-03-09
9/3/2019,Ottawa Senators,2,Boston Bruins,3,,17565,02:20,,2019-03-09
9/3/2019,Pittsburgh Penguins,1,Columbus Blue Jackets,4,,19146,02:28,,2019-03-09
9/3/2019,Buffalo Sabres,0,Colorado Avalanche,3,,18052,02:34,,2019-03-09
9/3/2019,Chicago Blackhawks,2,Dallas Stars,1,,18532,02:25,,2019-03-09
9/3/2019,Toronto Maple Leafs,3,Edmonton Oilers,2,,18347,02:23,,2019-03-09
9/3/2019,Carolina Hurricanes,5,Nashville Predators,3,,17724,02:28,,2019-03-09
9/3/2019,Philadelphia Flyers,5,New York Islanders,2,,13917,02:34,at Nassau Veterans Memorial Coliseum (Uniondale NY),2019-03-09
9/3/2019,New Jersey Devils,2,New York Rangers,4,,17386,02:32,,2019-03-09
9/3/2019,St. Louis Blues,2,San Jose Sharks,3,OT,17562,02:19,,2019-03-09
9/3/2019,Detroit Red Wings,2,Tampa Bay Lightning,3,,19092,02:40,,2019-03-09
9/3/2019,Vegas Golden Knights,6,Vancouver Canucks,2,,18286,02:22,,2019-03-09
10/3/2019,Los Angeles Kings,3,Anaheim Ducks,2,,17174,02:26,,2019-03-10
10/3/2019,Vegas Golden Knights,3,Calgary Flames,6,,19086,02:33,,2019-03-10
10/3/2019,Detroit Red Wings,1,Florida Panthers,6,,15238,02:27,,2019-03-10
10/3/2019,Boston Bruins,2,Pittsburgh Penguins,4,,18578,02:29,,2019-03-10
10/3/2019,Winnipeg Jets,1,Washington Capitals,3,,18506,02:29,,2019-03-10
11/3/2019,Arizona Coyotes,1,Chicago Blackhawks,7,,21574,02:27,,2019-03-11
11/3/2019,Carolina Hurricanes,3,Colorado Avalanche,0,,16711,02:19,,2019-03-11
11/3/2019,New York Rangers,2,Edmonton Oilers,3,OT,18347,02:37,,2019-03-11
11/3/2019,San Jose Sharks,3,Minnesota Wild,0,,18907,02:20,,2019-03-11
11/3/2019,Columbus Blue Jackets,0,New York Islanders,2,,11827,02:15,at Nassau Veterans Memorial Coliseum (Uniondale NY),2019-03-11
11/3/2019,Ottawa Senators,2,Philadelphia Flyers,3,,18193,02:22,,2019-03-11
11/3/2019,Tampa Bay Lightning,6,Toronto Maple Leafs,2,,19491,02:28,,2019-03-11
12/3/2019,Nashville Predators,2,Anaheim Ducks,3,,16811,02:29,,2019-03-12
12/3/2019,Dallas Stars,2,Buffalo Sabres,0,,17830,02:22,,2019-03-12
12/3/2019,Boston Bruins,4,Columbus Blue Jackets,7,,16554,02:30,,2019-03-12
12/3/2019,New Jersey Devils,4,Calgary Flames,9,,18529,02:32,,2019-03-12
12/3/2019,Detroit Red Wings,1,Montreal Canadiens,3,,21302,02:23,,2019-03-12
12/3/2019,Washington Capitals,3,Pittsburgh Penguins,5,,18640,02:32,,2019-03-12
12/3/2019,Arizona Coyotes,3,St. Louis Blues,1,,18428,02:20,,2019-03-12
12/3/2019,San Jose Sharks,5,Winnipeg Jets,4,,15321,02:29,,2019-03-12
13/3/2019,New Jersey Devils,6,Edmonton Oilers,3,,18347,02:37,,2019-03-13
13/3/2019,Chicago Blackhawks,5,Toronto Maple Leafs,4,,19342,02:28,,2019-03-13
13/3/2019,New York Rangers,1,Vancouver Canucks,4,,18225,02:20,,2019-03-13
14/3/2019,Anaheim Ducks,1,Arizona Coyotes,6,,14202,02:28,,2019-03-14
14/3/2019,Pittsburgh Penguins,5,Buffalo Sabres,0,,18680,02:24,,2019-03-14
14/3/2019,Tampa Bay Lightning,5,Detroit Red Wings,4,,19515,02:29,at Little Caesars Arena (Detroit MI),2019-03-14
14/3/2019,Nashville Predators,3,Los Angeles Kings,1,,17730,02:20,,2019-03-14
14/3/2019,Dallas Stars,4,Minnesota Wild,1,,18919,02:22,,2019-03-14
14/3/2019,Montreal Canadiens,1,New York Islanders,2,,13274,02:28,at Nassau Veterans Memorial Coliseum (Uniondale NY),2019-03-14
14/3/2019,St. Louis Blues,0,Ottawa Senators,2,,13378,02:23,,2019-03-14
14/3/2019,Washington Capitals,5,Philadelphia Flyers,2,,19475,02:26,,2019-03-14
14/3/2019,Florida Panthers,4,San Jose Sharks,2,,17388,02:20,,2019-03-14
14/3/2019,Boston Bruins,3,Winnipeg Jets,4,,15321,02:28,,2019-03-14
15/3/2019,Carolina Hurricanes,0,Columbus Blue Jackets,3,,18832,02:32,,2019-03-15
15/3/2019,New York Rangers,1,Calgary Flames,5,,18956,02:24,,2019-03-15
15/3/2019,Anaheim Ducks,5,Colorado Avalanche,3,,18025,02:29,,2019-03-15
15/3/2019,Vegas Golden Knights,2,Dallas Stars,1,,18532,02:29,,2019-03-15
15/3/2019,Philadelphia Flyers,6,Toronto Maple Leafs,7,,19290,02:43,,2019-03-15
15/3/2019,New Jersey Devils,3,Vancouver Canucks,2,SO,17552,02:52,,2019-03-15
16/3/2019,Edmonton Oilers,3,Arizona Coyotes,2,OT,15016,02:32,,2019-03-16
16/3/2019,Columbus Blue Jackets,1,Boston Bruins,2,OT,17565,02:33,,2019-03-16
16/3/2019,Buffalo Sabres,2,Carolina Hurricanes,4,,15171,02:21,,2019-03-16
16/3/2019,New York Islanders,1,Detroit Red Wings,2,,19515,02:21,at Little Caesars Arena (Detroit MI),2019-03-16
16/3/2019,Florida Panthers,4,Los Angeles Kings,3,,18022,02:31,,2019-03-16
16/3/2019,New York Rangers,2,Minnesota Wild,5,,18844,02:36,,2019-03-16
16/3/2019,Chicago Blackhawks,2,Montreal Canadiens,0,,21302,02:24,,2019-03-16
16/3/2019,Toronto Maple Leafs,2,Ottawa Senators,6,,18607,02:25,,2019-03-16
16/3/2019,St. Louis Blues,5,Pittsburgh Penguins,1,,18641,02:24,,2019-03-16
16/3/2019,Nashville Predators,4,San Jose Sharks,2,,17562,02:26,,2019-03-16
16/3/2019,Washington Capitals,3,Tampa Bay Lightning,6,,19092,02:34,,2019-03-16
16/3/2019,Calgary Flames,1,Winnipeg Jets,2,,15321,02:22,,2019-03-16
17/3/2019,Florida Panthers,2,Anaheim Ducks,3,,16523,02:26,,2019-03-17
17/3/2019,St. Louis Blues,3,Buffalo Sabres,4,SO,18486,02:34,,2019-03-17
17/3/2019,New Jersey Devils,0,Colorado Avalanche,3,,18037,02:28,,2019-03-17
17/3/2019,Vancouver Canucks,3,Dallas Stars,2,SO,18125,02:45,,2019-03-17
17/3/2019,New York Islanders,3,Minnesota Wild,2,OT,18696,02:35,,2019-03-17
17/3/2019,Philadelphia Flyers,2,Pittsburgh Penguins,1,OT,18636,02:41,,2019-03-17
17/3/2019,Edmonton Oilers,3,Vegas Golden Knights,6,,18317,02:30,,2019-03-17
18/3/2019,Vancouver Canucks,3,Chicago Blackhawks,2,OT,21496,02:25,,2019-03-18
18/3/2019,Winnipeg Jets,3,Los Angeles Kings,2,,17842,02:24,,2019-03-18
18/3/2019,Vegas Golden Knights,7,San Jose Sharks,3,,17487,02:27,,2019-03-18
18/3/2019,Arizona Coyotes,1,Tampa Bay Lightning,4,,19092,02:29,,2019-03-18
19/3/2019,Pittsburgh Penguins,2,Carolina Hurricanes,3,SO,14677,02:48,,2019-03-19
19/3/2019,Columbus Blue Jackets,2,Calgary Flames,4,,18288,02:35,,2019-03-19
19/3/2019,Florida Panthers,2,Dallas Stars,4,,17654,02:36,,2019-03-19
19/3/2019,Colorado Avalanche,3,Minnesota Wild,1,,18785,02:38,,2019-03-19
19/3/2019,Washington Capitals,4,New Jersey Devils,1,,14815,02:20,,2019-03-19
19/3/2019,Toronto Maple Leafs,0,Nashville Predators,3,,17499,02:18,,2019-03-19
19/3/2019,Boston Bruins,5,New York Islanders,0,,13917,02:27,at Nassau Veterans Memorial Coliseum (Uniondale NY),2019-03-19
19/3/2019,Detroit Red Wings,3,New York Rangers,2,,17183,02:27,,2019-03-19
19/3/2019,Montreal Canadiens,3,Philadelphia Flyers,1,,19045,02:21,,2019-03-19
19/3/2019,Edmonton Oilers,2,St. Louis Blues,7,,17873,02:31,,2019-03-19
20/3/2019,Winnipeg Jets,3,Anaheim Ducks,0,,16846,02:20,,2019-03-20
20/3/2019,Toronto Maple Leafs,4,Buffalo Sabres,2,,19070,02:33,,2019-03-20
20/3/2019,Ottawa Senators,4,Vancouver Canucks,7,,18500,02:30,,2019-03-20
20/3/2019,Tampa Bay Lightning,5,Washington Capitals,4,OT,18506,02:49,,2019-03-20
21/3/2019,Tampa Bay Lightning,6,Carolina Hurricanes,3,,13785,02:34,,2019-03-21
21/3/2019,Ottawa Senators,1,Calgary Flames,5,,18793,02:20,,2019-03-21
21/3/2019,Philadelphia Flyers,3,Chicago Blackhawks,1,,21484,02:25,,2019-03-21
21/3/2019,Colorado Avalanche,3,Dallas Stars,1,,17543,02:26,,2019-03-21
21/3/2019,Columbus Blue Jackets,1,Edmonton Oilers,4,,18347,02:25,,2019-03-21
21/3/2019,Arizona Coyotes,2,Florida Panthers,4,,12576,02:32,,2019-03-21
21/3/2019,San Jose Sharks,2,Los Angeles Kings,4,,18230,02:28,,2019-03-21
21/3/2019,New York Islanders,0,Montreal Canadiens,4,,21302,02:22,,2019-03-21
21/3/2019,Boston Bruins,5,New Jersey Devils,1,,14649,02:19,,2019-03-21
21/3/2019,Pittsburgh Penguins,2,Nashville Predators,1,SO,17729,02:39,,2019-03-21
21/3/2019,Detroit Red Wings,2,St. Louis Blues,5,,18272,02:16,,2019-03-21
21/3/2019,Winnipeg Jets,0,Vegas Golden Knights,5,,18430,02:21,,2019-03-21
22/3/2019,San Jose Sharks,3,Anaheim Ducks,4,OT,17174,02:22,,2019-03-22
22/3/2019,Minnesota Wild,2,Washington Capitals,1,,18506,02:25,,2019-03-22
23/3/2019,Minnesota Wild,1,Carolina Hurricanes,5,,16751,02:24,,2019-03-23
23/3/2019,Chicago Blackhawks,2,Colorado Avalanche,4,,17099,02:26,,2019-03-23
23/3/2019,Pittsburgh Penguins,3,Dallas Stars,2,,18532,02:31,,2019-03-23
23/3/2019,Ottawa Senators,4,Edmonton Oilers,3,OT,18347,02:28,,2019-03-23
23/3/2019,Boston Bruins,7,Florida Panthers,3,,17129,02:34,,2019-03-23
23/3/2019,Anaheim Ducks,3,Los Angeles Kings,4,SO,18230,02:37,,2019-03-23
23/3/2019,Buffalo Sabres,4,Montreal Canadiens,7,,21302,02:35,,2019-03-23
23/3/2019,Arizona Coyotes,1,New Jersey Devils,2,SO,16514,02:37,,2019-03-23
23/3/2019,New York Islanders,4,Philadelphia Flyers,2,,19668,02:25,,2019-03-23
23/3/2019,Tampa Bay Lightning,3,St. Louis Blues,4,,18127,02:30,,2019-03-23
23/3/2019,New York Rangers,2,Toronto Maple Leafs,1,OT,19251,02:34,,2019-03-23
23/3/2019,Calgary Flames,3,Vancouver Canucks,1,,18685,02:26,,2019-03-23
23/3/2019,Detroit Red Wings,3,Vegas Golden Knights,2,OT,18437,02:27,,2019-03-23
23/3/2019,Nashville Predators,0,Winnipeg Jets,5,,15321,02:26,,2019-03-23
24/3/2019,Montreal Canadiens,1,Carolina Hurricanes,2,OT,14437,02:38,,2019-03-24
24/3/2019,Colorado Avalanche,1,Chicago Blackhawks,2,OT,21410,02:35,,2019-03-24
24/3/2019,Arizona Coyotes,0,New York Islanders,2,,13917,02:20,at Nassau Veterans Memorial Coliseum (Uniondale NY),2019-03-24
24/3/2019,Columbus Blue Jackets,5,Vancouver Canucks,0,,17805,02:23,,2019-03-24
24/3/2019,Philadelphia Flyers,1,Washington Capitals,3,,18506,02:27,,2019-03-24
25/3/2019,Los Angeles Kings,3,Calgary Flames,0,,18471,02:29,,2019-03-25
25/3/2019,Nashville Predators,1,Minnesota Wild,0,,18833,02:28,,2019-03-25
25/3/2019,Buffalo Sabres,1,New Jersey Devils,3,,12053,02:34,,2019-03-25
25/3/2019,Pittsburgh Penguins,5,New York Rangers,2,,17401,02:23,,2019-03-25
25/3/2019,Detroit Red Wings,3,San Jose Sharks,2,,17393,02:26,,2019-03-25
25/3/2019,Vegas Golden Knights,1,St. Louis Blues,3,,18247,02:22,,2019-03-25
25/3/2019,Boston Bruins,4,Tampa Bay Lightning,5,,19092,02:29,,2019-03-25
25/3/2019,Florida Panthers,5,Toronto Maple Leafs,7,,19125,02:37,,2019-03-25
25/3/2019,Dallas Stars,5,Winnipeg Jets,2,,15321,02:30,,2019-03-25
26/3/2019,Chicago Blackhawks,0,Arizona Coyotes,1,,15055,02:19,,2019-03-26
26/3/2019,New York Islanders,0,Columbus Blue Jackets,4,,17928,02:26,,2019-03-26
26/3/2019,Los Angeles Kings,4,Edmonton Oilers,8,,18347,02:34,,2019-03-26
26/3/2019,Florida Panthers,1,Montreal Canadiens,6,,21029,02:37,,2019-03-26
26/3/2019,Buffalo Sabres,0,Ottawa Senators,4,,12074,02:21,,2019-03-26
26/3/2019,Anaheim Ducks,5,Vancouver Canucks,4,,17633,02:28,,2019-03-26
26/3/2019,Carolina Hurricanes,1,Washington Capitals,4,,18506,02:26,,2019-03-26
27/3/2019,New York Rangers,3,Boston Bruins,6,,17565,02:36,,2019-03-27
27/3/2019,Dallas Stars,2,Calgary Flames,1,,18881,02:36,,2019-03-27
27/3/2019,Vegas Golden Knights,3,Colorado Avalanche,4,,16799,02:38,,2019-03-27
27/3/2019,Toronto Maple Leafs,4,Philadelphia Flyers,5,SO,19205,02:39,,2019-03-27
28/3/2019,Detroit Red Wings,5,Buffalo Sabres,4,OT,16236,02:37,,2019-03-28
28/3/2019,Washington Capitals,3,Carolina Hurricanes,2,,14680,02:18,,2019-03-28
28/3/2019,Montreal Canadiens,2,Columbus Blue Jackets,6,,18641,02:32,,2019-03-28
28/3/2019,Dallas Stars,3,Edmonton Oilers,2,SO,18347,02:44,,2019-03-28
28/3/2019,Florida Panthers,5,Ottawa Senators,2,,14230,02:26,,2019-03-28
28/3/2019,Chicago Blackhawks,5,San Jose Sharks,4,,17364,02:25,,2019-03-28
28/3/2019,Los Angeles Kings,2,Vancouver Canucks,3,SO,18524,02:38,,2019-03-28
28/3/2019,New York Islanders,5,Winnipeg Jets,4,,15321,02:30,,2019-03-28
29/3/2019,Anaheim Ducks,1,Calgary Flames,6,,19030,02:19,,2019-03-29
29/3/2019,Arizona Coyotes,2,Colorado Avalanche,3,SO,18045,02:44,,2019-03-29
29/3/2019,New Jersey Devils,0,Detroit Red Wings,4,,19515,02:21,at Little Caesars Arena (Detroit MI),2019-03-29
29/3/2019,St. Louis Blues,2,New York Rangers,4,,17567,02:21,,2019-03-29
29/3/2019,Nashville Predators,3,Pittsburgh Penguins,1,,18632,02:26,,2019-03-29
29/3/2019,Minnesota Wild,3,Vegas Golden Knights,2,,18492,02:28,,2019-03-29
30/3/2019,Florida Panthers,4,Boston Bruins,1,,17565,02:25,,2019-03-30
30/3/2019,Philadelphia Flyers,2,Carolina Hurricanes,5,,17833,02:29,,2019-03-30
30/3/2019,Anaheim Ducks,5,Edmonton Oilers,1,,18347,02:21,,2019-03-30
30/3/2019,Chicago Blackhawks,2,Los Angeles Kings,3,OT,18230,02:36,,2019-03-30
30/3/2019,St. Louis Blues,3,New Jersey Devils,2,OT,16514,02:23,,2019-03-30
30/3/2019,Columbus Blue Jackets,5,Nashville Predators,2,,17751,02:28,,2019-03-30
30/3/2019,Buffalo Sabres,1,New York Islanders,5,,13917,02:25,at Nassau Veterans Memorial Coliseum (Uniondale NY),2019-03-30
30/3/2019,Toronto Maple Leafs,2,Ottawa Senators,4,,18655,02:26,,2019-03-30
30/3/2019,Vegas Golden Knights,3,San Jose Sharks,4,OT,17562,02:33,,2019-03-30
30/3/2019,Washington Capitals,6,Tampa Bay Lightning,3,,19092,02:34,,2019-03-30
30/3/2019,Dallas Stars,2,Vancouver Canucks,3,SO,18663,02:42,,2019-03-30
30/3/2019,Montreal Canadiens,3,Winnipeg Jets,1,,15321,02:27,,2019-03-30
31/3/2019,Minnesota Wild,0,Arizona Coyotes,4,,17431,02:30,,2019-03-31
31/3/2019,Columbus Blue Jackets,4,Buffalo Sabres,0,,17990,02:23,,2019-03-31
31/3/2019,Boston Bruins,3,Detroit Red Wings,6,,19515,02:29,at Little Caesars Arena (Detroit MI),2019-03-31
31/3/2019,New York Rangers,3,Philadelphia Flyers,0,,19437,02:21,,2019-03-31
31/3/2019,Carolina Hurricanes,1,Pittsburgh Penguins,3,,18616,02:40,,2019-03-31
31/3/2019,Calgary Flames,5,San Jose Sharks,3,,17313,02:22,,2019-03-31
1/4/2019,Winnipeg Jets,4,Chicago Blackhawks,3,OT,21314,02:33,,2019-04-01
1/4/2019,Washington Capitals,3,Florida Panthers,5,,14376,02:27,,2019-04-01
1/4/2019,Calgary Flames,7,Los Angeles Kings,2,,18117,02:25,,2019-04-01
1/4/2019,New York Rangers,2,New Jersey Devils,4,,14776,02:33,,2019-04-01
1/4/2019,Toronto Maple Leafs,2,New York Islanders,1,,13917,02:28,at Nassau Veterans Memorial Coliseum (Uniondale NY),2019-04-01
1/4/2019,Tampa Bay Lightning,5,Ottawa Senators,2,,13628,02:23,,2019-04-01
1/4/2019,Colorado Avalanche,2,St. Louis Blues,3,SO,17767,02:32,,2019-04-01
1/4/2019,Edmonton Oilers,1,Vegas Golden Knights,3,,18367,02:24,,2019-04-01
2/4/2019,Los Angeles Kings,3,Arizona Coyotes,1,,14687,02:26,,2019-04-02
2/4/2019,Nashville Predators,3,Buffalo Sabres,2,,16569,02:32,,2019-04-02
2/4/2019,Boston Bruins,6,Columbus Blue Jackets,2,,18890,02:32,,2019-04-02
2/4/2019,Edmonton Oilers,2,Colorado Avalanche,6,,17021,02:22,,2019-04-02
2/4/2019,Philadelphia Flyers,2,Dallas Stars,6,,18532,02:37,,2019-04-02
2/4/2019,Pittsburgh Penguins,1,Detroit Red Wings,4,,19515,02:27,at Little Caesars Arena (Detroit MI),2019-04-02
2/4/2019,Winnipeg Jets,1,Minnesota Wild,5,,18590,02:22,,2019-04-02
2/4/2019,Tampa Bay Lightning,2,Montreal Canadiens,4,,21302,02:29,,2019-04-02
2/4/2019,Carolina Hurricanes,4,Toronto Maple Leafs,1,,19097,02:34,,2019-04-02
2/4/2019,San Jose Sharks,2,Vancouver Canucks,4,,18524,02:22,,2019-04-02
3/4/2019,Calgary Flames,1,Anaheim Ducks,3,,17174,02:19,,2019-04-03
3/4/2019,St. Louis Blues,3,Chicago Blackhawks,4,SO,21482,02:39,,2019-04-03
3/4/2019,Ottawa Senators,4,New York Rangers,1,,16562,02:23,,2019-04-03
4/4/2019,Ottawa Senators,2,Buffalo Sabres,5,,17988,02:25,,2019-04-04
4/4/2019,New Jersey Devils,1,Carolina Hurricanes,3,,17645,02:25,,2019-04-04
4/4/2019,Winnipeg Jets,2,Colorado Avalanche,3,OT,18003,02:33,,2019-04-04
4/4/2019,San Jose Sharks,3,Edmonton Oilers,2,,18347,02:27,,2019-04-04
4/4/2019,New York Islanders,2,Florida Panthers,1,SO,13775,02:53,,2019-04-04
4/4/2019,Boston Bruins,3,Minnesota Wild,0,,19074,02:20,,2019-04-04
4/4/2019,Vancouver Canucks,2,Nashville Predators,3,,17669,02:24,,2019-04-04
4/4/2019,Detroit Red Wings,1,Pittsburgh Penguins,4,,18574,02:26,,2019-04-04
4/4/2019,Philadelphia Flyers,3,St. Louis Blues,7,,18203,02:34,,2019-04-04
4/4/2019,Tampa Bay Lightning,3,Toronto Maple Leafs,1,,19400,02:17,,2019-04-04
4/4/2019,Arizona Coyotes,4,Vegas Golden Knights,1,,18485,02:28,,2019-04-04
4/4/2019,Montreal Canadiens,1,Washington Capitals,2,,18506,02:22,,2019-04-04
5/4/2019,Los Angeles Kings,2,Anaheim Ducks,5,,17306,02:31,,2019-04-05
5/4/2019,Dallas Stars,1,Chicago Blackhawks,6,,21626,02:24,,2019-04-05
5/4/2019,Columbus Blue Jackets,3,New York Rangers,2,SO,17341,02:43,,2019-04-05
6/4/2019,Winnipeg Jets,4,Arizona Coyotes,2,,17125,02:29,,2019-04-06
6/4/2019,Tampa Bay Lightning,6,Boston Bruins,3,,17565,02:23,,2019-04-06
6/4/2019,Edmonton Oilers,3,Calgary Flames,1,,19289,02:25,,2019-04-06
6/4/2019,Minnesota Wild,0,Dallas Stars,3,,18532,02:30,,2019-04-06
6/4/2019,Buffalo Sabres,7,Detroit Red Wings,1,,19515,02:22,at Little Caesars Arena (Detroit MI),2019-04-06
6/4/2019,New Jersey Devils,4,Florida Panthers,3,OT,15259,02:45,,2019-04-06
6/4/2019,Vegas Golden Knights,2,Los Angeles Kings,5,,18230,02:30,,2019-04-06
6/4/2019,Toronto Maple Leafs,5,Montreal Canadiens,6,SO,21302,02:51,,2019-04-06
6/4/2019,Chicago Blackhawks,2,Nashville Predators,5,,17694,02:24,,2019-04-06
6/4/2019,Columbus Blue Jackets,6,Ottawa Senators,2,,18425,02:17,,2019-04-06
6/4/2019,Carolina Hurricanes,4,Philadelphia Flyers,3,,19433,02:25,,2019-04-06
6/4/2019,New York Rangers,4,Pittsburgh Penguins,3,OT,18660,02:34,,2019-04-06
6/4/2019,Colorado Avalanche,2,San Jose Sharks,5,,17562,02:21,,2019-04-06
6/4/2019,Vancouver Canucks,2,St. Louis Blues,3,SO,17970,02:35,,2019-04-06
6/4/2019,New York Islanders,3,Washington Capitals,0,,18506,02:17,,2019-04-06
