Date,Visitor,G,Home,G.1,Unnamed: 5,Att.,LOG,Notes
13/1/2021,St. Louis Blues,4,Colorado Avalanche,1,,,02:24,
13/1/2021,Vancouver Canucks,5,Edmonton Oilers,3,,,02:24,
13/1/2021,Pittsburgh Penguins,3,Philadelphia Flyers,6,,,02:21,
13/1/2021,Chicago Blackhawks,1,Tampa Bay Lightning,5,,,02:26,
13/1/2021,Montreal Canadiens,4,Toronto Maple Leafs,5,OT,,02:38,
14/1/2021,San Jose Sharks,4,Arizona Coyotes,3,SO,2274.0,02:37,
14/1/2021,Washington Capitals,6,Buffalo Sabres,4,,,02:23,
14/1/2021,Carolina Hurricanes,3,Detroit Red Wings,0,,,02:25,
14/1/2021,Vancouver Canucks,2,Edmonton Oilers,5,,,02:30,
14/1/2021,Minnesota Wild,4,Los Angeles Kings,3,OT,,02:37,
14/1/2021,Boston Bruins,3,New Jersey Devils,2,SO,,02:43,
14/1/2021,Columbus Blue Jackets,1,Nashville Predators,3,,,02:29,
14/1/2021,New York Islanders,4,New York Rangers,0,,,02:30,
14/1/2021,Anaheim Ducks,2,Vegas Golden Knights,5,,,02:24,
14/1/2021,Calgary Flames,3,Winnipeg Jets,4,OT,,02:26,
15/1/2021,Washington Capitals,2,Buffalo Sabres,1,,,02:17,
15/1/2021,St. Louis Blues,0,Colorado Avalanche,8,,,02:31,
15/1/2021,Toronto Maple Leafs,3,Ottawa Senators,5,,,02:28,
15/1/2021,Pittsburgh Penguins,2,Philadelphia Flyers,5,,,02:23,
15/1/2021,Chicago Blackhawks,2,Tampa Bay Lightning,5,,,02:23,
16/1/2021,San Jose Sharks,3,Arizona Coyotes,5,,2384.0,02:22,
16/1/2021,Vancouver Canucks,0,Calgary Flames,3,,,02:24,
16/1/2021,Carolina Hurricanes,2,Detroit Red Wings,4,,,02:28,
16/1/2021,Montreal Canadiens,5,Edmonton Oilers,1,,,02:20,
16/1/2021,Minnesota Wild,4,Los Angeles Kings,3,OT,,02:42,
16/1/2021,Boston Bruins,1,New Jersey Devils,2,OT,,02:34,
16/1/2021,Columbus Blue Jackets,2,Nashville Predators,5,,,02:28,
16/1/2021,New York Islanders,0,New York Rangers,5,,,02:41,
16/1/2021,Toronto Maple Leafs,3,Ottawa Senators,2,,,02:23,
16/1/2021,Anaheim Ducks,1,Vegas Golden Knights,2,OT,,02:18,
17/1/2021,Chicago Blackhawks,2,Florida Panthers,5,,4147.0,02:27,
17/1/2021,Washington Capitals,3,Pittsburgh Penguins,4,SO,,02:40,
18/1/2021,Minnesota Wild,0,Anaheim Ducks,1,,,02:28,
18/1/2021,Vancouver Canucks,2,Calgary Flames,5,,,02:21,
18/1/2021,Columbus Blue Jackets,3,Detroit Red Wings,2,,,02:37,
18/1/2021,Montreal Canadiens,3,Edmonton Oilers,1,,,02:26,
18/1/2021,Carolina Hurricanes,4,Nashville Predators,2,,,02:22,
18/1/2021,Boston Bruins,0,New York Islanders,1,,,02:26,at Nassau Veterans Memorial Coliseum (Uniondale NY)
18/1/2021,Buffalo Sabres,6,Philadelphia Flyers,1,,,02:26,
18/1/2021,San Jose Sharks,4,St. Louis Blues,5,,,02:32,
18/1/2021,Winnipeg Jets,1,Toronto Maple Leafs,3,,,02:20,
18/1/2021,Arizona Coyotes,2,Vegas Golden Knights,4,,,02:33,
19/1/2021,Columbus Blue Jackets,2,Detroit Red Wings,3,OT,,02:21,
19/1/2021,Chicago Blackhawks,4,Florida Panthers,5,OT,3667.0,02:34,
19/1/2021,Colorado Avalanche,3,Los Angeles Kings,2,,,02:27,
19/1/2021,New Jersey Devils,4,New York Rangers,3,,,02:30,
19/1/2021,Winnipeg Jets,4,Ottawa Senators,3,OT,,02:29,
19/1/2021,Buffalo Sabres,0,Philadelphia Flyers,3,,,02:29,
19/1/2021,Washington Capitals,4,Pittsburgh Penguins,5,OT,,02:34,
20/1/2021,Minnesota Wild,3,Anaheim Ducks,2,,,02:33,
20/1/2021,San Jose Sharks,2,St. Louis Blues,1,SO,,02:36,
20/1/2021,Edmonton Oilers,3,Toronto Maple Leafs,1,,,02:17,
20/1/2021,Montreal Canadiens,5,Vancouver Canucks,6,SO,,02:31,
20/1/2021,Arizona Coyotes,2,Vegas Golden Knights,5,,,02:24,
21/1/2021,Philadelphia Flyers,4,Boston Bruins,5,SO,,02:46,
21/1/2021,Tampa Bay Lightning,3,Columbus Blue Jackets,2,OT,,02:29,
21/1/2021,Colorado Avalanche,2,Los Angeles Kings,4,,,02:25,
21/1/2021,New Jersey Devils,1,New York Islanders,4,,,02:25,at Nassau Veterans Memorial Coliseum (Uniondale NY)
21/1/2021,Winnipeg Jets,4,Ottawa Senators,1,,,02:25,
21/1/2021,Montreal Canadiens,7,Vancouver Canucks,3,,,02:31,
22/1/2021,Colorado Avalanche,3,Anaheim Ducks,2,OT,,02:35,
22/1/2021,Vegas Golden Knights,2,Arizona Coyotes,5,,2712.0,02:21,
22/1/2021,Detroit Red Wings,1,Chicago Blackhawks,4,,,02:17,
22/1/2021,Nashville Predators,0,Dallas Stars,7,,4214.0,02:32,
22/1/2021,San Jose Sharks,1,Minnesota Wild,4,,,02:28,
22/1/2021,New York Rangers,3,Pittsburgh Penguins,4,SO,,02:27,
22/1/2021,Edmonton Oilers,2,Toronto Maple Leafs,4,,,02:21,
22/1/2021,Buffalo Sabres,3,Washington Capitals,4,SO,,02:39,
23/1/2021,Philadelphia Flyers,1,Boston Bruins,6,,,02:26,
23/1/2021,Tampa Bay Lightning,2,Columbus Blue Jackets,5,,,02:26,
23/1/2021,Los Angeles Kings,2,St. Louis Blues,4,,,02:27,
23/1/2021,Montreal Canadiens,5,Vancouver Canucks,2,,,02:29,
23/1/2021,Ottawa Senators,3,Winnipeg Jets,6,,,02:27,
24/1/2021,Colorado Avalanche,1,Anaheim Ducks,3,,,02:19,
24/1/2021,Vegas Golden Knights,1,Arizona Coyotes,0,,2672.0,02:17,
24/1/2021,Toronto Maple Leafs,3,Calgary Flames,2,,,02:22,
24/1/2021,Detroit Red Wings,2,Chicago Blackhawks,6,,,02:11,
24/1/2021,Nashville Predators,2,Dallas Stars,3,,4056.0,02:28,
24/1/2021,San Jose Sharks,5,Minnesota Wild,3,,,02:36,
24/1/2021,New York Islanders,0,New Jersey Devils,2,,,02:24,
24/1/2021,New York Rangers,2,Pittsburgh Penguins,3,,,02:25,
24/1/2021,Los Angeles Kings,6,St. Louis Blues,3,,,02:28,
24/1/2021,Edmonton Oilers,4,Winnipeg Jets,3,,,02:27,
24/1/2021,Buffalo Sabres,4,Washington Capitals,3,SO,,02:44,
25/1/2021,Ottawa Senators,1,Vancouver Canucks,7,,,02:30,
26/1/2021,Anaheim Ducks,1,Arizona Coyotes,0,,1808.0,02:25,
26/1/2021,Pittsburgh Penguins,2,Boston Bruins,3,OT,,02:40,
26/1/2021,New York Rangers,2,Buffalo Sabres,3,,,02:22,
26/1/2021,Florida Panthers,4,Columbus Blue Jackets,3,SO,,02:29,
26/1/2021,Toronto Maple Leafs,4,Calgary Flames,3,,,02:24,
26/1/2021,San Jose Sharks,3,Colorado Avalanche,7,,,02:32,
26/1/2021,Detroit Red Wings,1,Dallas Stars,2,OT,4109.0,02:26,
26/1/2021,Los Angeles Kings,2,Minnesota Wild,1,,,02:22,
26/1/2021,Philadelphia Flyers,5,New Jersey Devils,3,,,02:24,
26/1/2021,Chicago Blackhawks,2,Nashville Predators,3,OT,,02:28,
26/1/2021,St. Louis Blues,5,Vegas Golden Knights,4,SO,,02:41,
26/1/2021,Edmonton Oilers,4,Winnipeg Jets,6,,,02:21,
26/1/2021,New York Islanders,2,Washington Capitals,3,,,02:25,
27/1/2021,Chicago Blackhawks,1,Nashville Predators,2,SO,,02:24,
27/1/2021,Ottawa Senators,1,Vancouver Canucks,5,,,02:22,
28/1/2021,Anaheim Ducks,2,Arizona Coyotes,3,,2252.0,02:25,
28/1/2021,Pittsburgh Penguins,1,Boston Bruins,4,,,02:15,
28/1/2021,New York Rangers,3,Buffalo Sabres,2,OT,,02:28,
28/1/2021,Tampa Bay Lightning,0,Carolina Hurricanes,1,OT,,02:23,
28/1/2021,Florida Panthers,2,Columbus Blue Jackets,3,SO,,02:30,
28/1/2021,San Jose Sharks,0,Colorado Avalanche,3,,,02:25,
28/1/2021,Detroit Red Wings,3,Dallas Stars,7,,4214.0,02:27,
28/1/2021,Toronto Maple Leafs,4,Edmonton Oilers,3,,,02:22,
28/1/2021,Los Angeles Kings,3,Minnesota Wild,5,,,02:32,
28/1/2021,Calgary Flames,2,Montreal Canadiens,4,,,02:27,
28/1/2021,Philadelphia Flyers,3,New Jersey Devils,1,,,02:19,
28/1/2021,Ottawa Senators,1,Vancouver Canucks,4,,,02:20,
28/1/2021,New York Islanders,3,Washington Capitals,6,,,02:28,
29/1/2021,Columbus Blue Jackets,2,Chicago Blackhawks,1,,,02:16,
30/1/2021,St. Louis Blues,6,Anaheim Ducks,1,,,02:19,
30/1/2021,New Jersey Devils,3,Buffalo Sabres,4,SO,,02:39,
30/1/2021,Dallas Stars,1,Carolina Hurricanes,4,,,02:33,
30/1/2021,Florida Panthers,3,Detroit Red Wings,2,OT,,02:30,
30/1/2021,Toronto Maple Leafs,3,Edmonton Oilers,4,OT,,02:31,
30/1/2021,Colorado Avalanche,5,Minnesota Wild,1,,,02:31,
30/1/2021,Calgary Flames,2,Montreal Canadiens,0,,,02:31,
30/1/2021,Pittsburgh Penguins,5,New York Rangers,4,OT,,02:27,
30/1/2021,New York Islanders,2,Philadelphia Flyers,3,OT,,02:19,
30/1/2021,Nashville Predators,3,Tampa Bay Lightning,4,,,02:35,
30/1/2021,Vancouver Canucks,4,Winnipeg Jets,1,,,02:22,
30/1/2021,Boston Bruins,3,Washington Capitals,4,OT,,02:28,
31/1/2021,St. Louis Blues,4,Anaheim Ducks,1,,,02:23,
31/1/2021,New Jersey Devils,5,Buffalo Sabres,3,,,02:24,
31/1/2021,Dallas Stars,3,Carolina Hurricanes,4,SO,,02:42,
31/1/2021,Columbus Blue Jackets,1,Chicago Blackhawks,3,,,02:15,
31/1/2021,Florida Panthers,3,Detroit Red Wings,2,,,02:29,
31/1/2021,Ottawa Senators,5,Edmonton Oilers,8,,,02:33,
31/1/2021,Colorado Avalanche,3,Minnesota Wild,4,OT,,02:31,
31/1/2021,New York Islanders,3,Philadelphia Flyers,4,OT,,02:25,
1/2/2021,Vancouver Canucks,2,Montreal Canadiens,6,,,02:20,
1/2/2021,Pittsburgh Penguins,1,New York Rangers,3,,,02:20,
1/2/2021,Nashville Predators,2,Tampa Bay Lightning,5,,,02:25,
1/2/2021,Calgary Flames,4,Winnipeg Jets,3,SO,,02:18,
1/2/2021,Boston Bruins,5,Washington Capitals,3,,,02:27,
2/2/2021,Dallas Stars,6,Columbus Blue Jackets,3,,,02:21,
2/2/2021,Carolina Hurricanes,4,Chicago Blackhawks,3,SO,,02:34,
2/2/2021,Minnesota Wild,1,Colorado Avalanche,2,,,02:29,
2/2/2021,Ottawa Senators,2,Edmonton Oilers,4,,,02:26,
2/2/2021,Anaheim Ducks,3,Los Angeles Kings,1,,,02:19,
2/2/2021,Vancouver Canucks,3,Montreal Canadiens,5,,,02:28,
2/2/2021,Arizona Coyotes,3,St. Louis Blues,4,,,02:30,
2/2/2021,Calgary Flames,2,Winnipeg Jets,3,,,02:17,
3/2/2021,Boston Bruins,4,Philadelphia Flyers,3,OT,,02:27,
3/2/2021,Detroit Red Wings,1,Tampa Bay Lightning,5,,,02:18,
4/2/2021,Dallas Stars,3,Columbus Blue Jackets,4,,,02:24,
4/2/2021,Carolina Hurricanes,4,Chicago Blackhawks,6,,,02:32,
4/2/2021,Nashville Predators,6,Florida Panthers,5,OT,3698.0,02:39,
4/2/2021,Ottawa Senators,3,Montreal Canadiens,2,,,02:26,
4/2/2021,Washington Capitals,2,New York Rangers,4,,,02:27,
4/2/2021,Arizona Coyotes,4,St. Louis Blues,3,,,02:22,
4/2/2021,Vancouver Canucks,3,Toronto Maple Leafs,7,,,02:25,
4/2/2021,Calgary Flames,1,Winnipeg Jets,4,,,02:17,
5/2/2021,San Jose Sharks,5,Anaheim Ducks,4,SO,,02:41,
5/2/2021,Nashville Predators,1,Florida Panthers,2,,,02:33,
5/2/2021,Boston Bruins,2,Philadelphia Flyers,1,,,02:30,
5/2/2021,Detroit Red Wings,1,Tampa Bay Lightning,3,,,02:21,
5/2/2021,Los Angeles Kings,2,Vegas Golden Knights,5,,,02:31,
6/2/2021,San Jose Sharks,1,Anaheim Ducks,2,SO,,02:36,
6/2/2021,Edmonton Oilers,4,Calgary Flames,6,,,02:33,
6/2/2021,Pittsburgh Penguins,3,New York Islanders,4,,,02:15,at Nassau Veterans Memorial Coliseum (Uniondale NY)
6/2/2021,Montreal Canadiens,2,Ottawa Senators,1,,,02:28,
6/2/2021,Arizona Coyotes,3,St. Louis Blues,1,,,02:21,
6/2/2021,Vancouver Canucks,1,Toronto Maple Leafs,5,,,02:25,
7/2/2021,Carolina Hurricanes,6,Columbus Blue Jackets,5,,,02:33,
7/2/2021,Chicago Blackhawks,2,Dallas Stars,1,OT,4203.0,02:29,
7/2/2021,Detroit Red Wings,4,Florida Panthers,1,,3706.0,02:26,
7/2/2021,Los Angeles Kings,3,Vegas Golden Knights,4,,,02:21,
7/2/2021,Philadelphia Flyers,7,Washington Capitals,4,,,02:18,
8/2/2021,Carolina Hurricanes,2,Columbus Blue Jackets,3,,,02:29,
8/2/2021,Tampa Bay Lightning,4,Nashville Predators,1,,,02:28,
8/2/2021,New York Islanders,2,New York Rangers,0,,,02:16,
8/2/2021,Edmonton Oilers,3,Ottawa Senators,1,,,02:25,
8/2/2021,Arizona Coyotes,4,St. Louis Blues,3,SO,,02:42,
8/2/2021,Vancouver Canucks,1,Toronto Maple Leafs,3,,,02:18,
9/2/2021,Winnipeg Jets,2,Calgary Flames,3,,,02:22,
9/2/2021,Chicago Blackhawks,2,Dallas Stars,1,OT,4059.0,02:22,
9/2/2021,Detroit Red Wings,1,Florida Panthers,2,,3477.0,02:14,
9/2/2021,San Jose Sharks,4,Los Angeles Kings,3,SO,,02:30,
9/2/2021,Tampa Bay Lightning,6,Nashville Predators,1,,,02:33,
9/2/2021,Edmonton Oilers,3,Ottawa Senators,2,,,02:26,
9/2/2021,Anaheim Ducks,4,Vegas Golden Knights,5,,,02:23,
10/2/2021,Toronto Maple Leafs,4,Montreal Canadiens,2,,,02:23,
10/2/2021,Boston Bruins,3,New York Rangers,2,OT,,02:32,
11/2/2021,Columbus Blue Jackets,6,Chicago Blackhawks,5,,,02:19,
11/2/2021,Carolina Hurricanes,5,Dallas Stars,3,,3687.0,02:41,
11/2/2021,Tampa Bay Lightning,2,Florida Panthers,5,,3808.0,02:21,
11/2/2021,San Jose Sharks,2,Los Angeles Kings,6,,,02:24,
11/2/2021,Edmonton Oilers,3,Montreal Canadiens,0,,,02:21,
11/2/2021,Detroit Red Wings,2,Nashville Predators,3,,,02:22,
11/2/2021,Pittsburgh Penguins,4,New York Islanders,3,SO,,02:40,at Nassau Veterans Memorial Coliseum (Uniondale NY)
11/2/2021,Calgary Flames,3,Vancouver Canucks,1,,,02:26,
11/2/2021,Anaheim Ducks,1,Vegas Golden Knights,0,,,02:11,
11/2/2021,Ottawa Senators,1,Winnipeg Jets,5,,,02:16,
12/2/2021,St. Louis Blues,4,Arizona Coyotes,1,,2457.0,02:29,
12/2/2021,Boston Bruins,1,New York Rangers,0,,,02:30,
13/2/2021,St. Louis Blues,5,Arizona Coyotes,4,OT,3237.0,02:34,
13/2/2021,Columbus Blue Jackets,2,Chicago Blackhawks,3,OT,,02:20,
13/2/2021,Carolina Hurricanes,4,Dallas Stars,3,SO,4071.0,02:43,
13/2/2021,Tampa Bay Lightning,6,Florida Panthers,1,,4509.0,02:32,
13/2/2021,Detroit Red Wings,4,Nashville Predators,2,,,02:20,
13/2/2021,Boston Bruins,2,New York Islanders,4,,,02:30,at Nassau Veterans Memorial Coliseum (Uniondale NY)
13/2/2021,Vegas Golden Knights,3,San Jose Sharks,1,,,02:27,
13/2/2021,Montreal Canadiens,2,Toronto Maple Leafs,1,,,02:12,
13/2/2021,Calgary Flames,1,Vancouver Canucks,3,,,02:25,
13/2/2021,Ottawa Senators,2,Winnipeg Jets,1,,,02:17,
14/2/2021,Washington Capitals,3,Pittsburgh Penguins,6,,,02:30,
14/2/2021,Colorado Avalanche,0,Vegas Golden Knights,1,,,02:23,
15/2/2021,St. Louis Blues,0,Arizona Coyotes,1,,2554.0,02:21,
15/2/2021,New York Islanders,3,Buffalo Sabres,1,,,02:19,
15/2/2021,Columbus Blue Jackets,3,Carolina Hurricanes,7,,,02:37,
15/2/2021,Chicago Blackhawks,3,Detroit Red Wings,2,OT,,02:23,
15/2/2021,Winnipeg Jets,6,Edmonton Oilers,5,,,02:24,
15/2/2021,Anaheim Ducks,2,San Jose Sharks,3,,,02:23,
15/2/2021,Florida Panthers,6,Tampa Bay Lightning,4,,100.0,02:35,
15/2/2021,Ottawa Senators,6,Toronto Maple Leafs,5,OT,,02:40,
15/2/2021,Calgary Flames,4,Vancouver Canucks,3,OT,,02:32,
16/2/2021,New York Islanders,3,Buffalo Sabres,0,,,02:27,
16/2/2021,Minnesota Wild,0,Los Angeles Kings,4,,,02:31,
16/2/2021,New Jersey Devils,5,New York Rangers,2,,,02:35,
16/2/2021,Washington Capitals,3,Pittsburgh Penguins,1,,,02:22,
16/2/2021,Colorado Avalanche,3,Vegas Golden Knights,2,,,02:23,
17/2/2021,Florida Panthers,4,Carolina Hurricanes,3,OT,,02:33,
17/2/2021,Vancouver Canucks,5,Calgary Flames,1,,,02:20,
17/2/2021,Chicago Blackhawks,2,Detroit Red Wings,0,,,02:12,
17/2/2021,Winnipeg Jets,2,Edmonton Oilers,3,,,02:25,
17/2/2021,Ottawa Senators,1,Toronto Maple Leafs,2,,,02:22,
18/2/2021,Minnesota Wild,3,Anaheim Ducks,1,,,02:26,
18/2/2021,Los Angeles Kings,3,Arizona Coyotes,2,SO,2281.0,02:35,
18/2/2021,New Jersey Devils,3,Boston Bruins,2,,,02:28,
18/2/2021,Nashville Predators,0,Columbus Blue Jackets,3,,,02:23,
18/2/2021,New York Rangers,3,Philadelphia Flyers,2,SO,,02:41,
18/2/2021,New York Islanders,1,Pittsburgh Penguins,4,,,02:22,
18/2/2021,San Jose Sharks,2,St. Louis Blues,3,OT,,02:30,
18/2/2021,Ottawa Senators,3,Toronto Maple Leafs,7,,,02:23,
18/2/2021,Buffalo Sabres,1,Washington Capitals,3,,,02:12,
19/2/2021,Chicago Blackhawks,3,Carolina Hurricanes,5,,,02:24,
19/2/2021,Edmonton Oilers,2,Calgary Flames,1,,,02:12,
19/2/2021,Florida Panthers,7,Detroit Red Wings,2,,,02:30,
19/2/2021,Winnipeg Jets,2,Vancouver Canucks,0,,,02:21,
20/2/2021,Minnesota Wild,5,Anaheim Ducks,1,,,02:26,
20/2/2021,Los Angeles Kings,4,Arizona Coyotes,2,,3187.0,02:18,
20/2/2021,Tampa Bay Lightning,0,Carolina Hurricanes,4,,,02:20,
20/2/2021,Nashville Predators,4,Columbus Blue Jackets,2,,,02:31,
20/2/2021,Vegas Golden Knights,2,Colorado Avalanche,3,,,00:35,NHL Outdoors at Lake Tahoe
20/2/2021,Florida Panthers,1,Detroit Red Wings,2,,,02:28,
20/2/2021,Calgary Flames,1,Edmonton Oilers,7,,,02:35,
20/2/2021,Toronto Maple Leafs,5,Montreal Canadiens,3,,,02:29,
20/2/2021,Buffalo Sabres,3,New Jersey Devils,2,,,02:21,
20/2/2021,New York Islanders,2,Pittsburgh Penguins,3,,,02:20,
20/2/2021,San Jose Sharks,5,St. Louis Blues,4,,,02:30,
20/2/2021,New York Rangers,4,Washington Capitals,1,,,02:25,
21/2/2021,Philadelphia Flyers,3,Boston Bruins,7,,,02:28,NHL Outdoors at Lake Tahoe
21/2/2021,Montreal Canadiens,2,Ottawa Senators,3,OT,,02:34,
21/2/2021,Winnipeg Jets,4,Vancouver Canucks,3,OT,,02:26,
21/2/2021,New Jersey Devils,3,Washington Capitals,4,,,02:28,
22/2/2021,Anaheim Ducks,3,Arizona Coyotes,4,,2346.0,02:47,
22/2/2021,Tampa Bay Lightning,4,Carolina Hurricanes,2,,,02:33,
22/2/2021,Vegas Golden Knights,3,Colorado Avalanche,0,,,02:18,
22/2/2021,Dallas Stars,1,Florida Panthers,3,,3510.0,02:23,
22/2/2021,Buffalo Sabres,2,New York Islanders,3,,,02:23,at Nassau Veterans Memorial Coliseum (Uniondale NY)
22/2/2021,Minnesota Wild,6,San Jose Sharks,2,,,02:29,
22/2/2021,Los Angeles Kings,3,St. Louis Blues,0,,,02:19,
22/2/2021,Calgary Flames,3,Toronto Maple Leafs,0,,,02:22,
23/2/2021,Chicago Blackhawks,6,Columbus Blue Jackets,5,SO,,02:39,
23/2/2021,Nashville Predators,2,Detroit Red Wings,0,,,02:29,
23/2/2021,Buffalo Sabres,4,New Jersey Devils,1,,,02:30,
23/2/2021,Montreal Canadiens,4,Ottawa Senators,5,SO,,02:44,
23/2/2021,Edmonton Oilers,4,Vancouver Canucks,3,,,02:28,
23/2/2021,Pittsburgh Penguins,3,Washington Capitals,2,OT,,02:30,
24/2/2021,Anaheim Ducks,3,Arizona Coyotes,4,SO,2319.0,02:46,
24/2/2021,Minnesota Wild,6,Colorado Avalanche,2,,,02:26,
24/2/2021,Dallas Stars,3,Florida Panthers,0,,3324.0,02:31,
24/2/2021,New York Rangers,3,Philadelphia Flyers,4,,,02:27,
24/2/2021,Los Angeles Kings,2,St. Louis Blues,1,,,02:23,
24/2/2021,Carolina Hurricanes,0,Tampa Bay Lightning,3,,500.0,02:18,
24/2/2021,Calgary Flames,1,Toronto Maple Leafs,2,OT,,02:24,
25/2/2021,New Jersey Devils,4,Buffalo Sabres,3,OT,,02:22,
25/2/2021,Chicago Blackhawks,2,Columbus Blue Jackets,0,,,02:14,
25/2/2021,Nashville Predators,2,Detroit Red Wings,5,,,02:23,
25/2/2021,Dallas Stars,2,Florida Panthers,3,,3844.0,02:28,
25/2/2021,Boston Bruins,2,New York Islanders,7,,,02:24,at Nassau Veterans Memorial Coliseum (Uniondale NY)
25/2/2021,Calgary Flames,1,Ottawa Senators,6,,,02:19,
25/2/2021,Carolina Hurricanes,1,Tampa Bay Lightning,3,,536.0,02:31,
25/2/2021,Edmonton Oilers,3,Vancouver Canucks,0,,,02:19,
25/2/2021,Montreal Canadiens,3,Winnipeg Jets,6,,,02:22,
25/2/2021,Pittsburgh Penguins,2,Washington Capitals,5,,,02:25,
26/2/2021,Colorado Avalanche,3,Arizona Coyotes,2,,2495.0,02:28,
26/2/2021,Los Angeles Kings,1,Minnesota Wild,3,,,02:22,
26/2/2021,Boston Bruins,2,New York Rangers,6,,1800.0,02:33,
27/2/2021,Vegas Golden Knights,3,Anaheim Ducks,2,OT,,02:33,
27/2/2021,Colorado Avalanche,6,Arizona Coyotes,2,,3224.0,02:23,
27/2/2021,Philadelphia Flyers,3,Buffalo Sabres,0,,,02:23,
27/2/2021,Detroit Red Wings,5,Chicago Blackhawks,3,,,02:17,
27/2/2021,Toronto Maple Leafs,4,Edmonton Oilers,0,,,02:22,
27/2/2021,Carolina Hurricanes,4,Florida Panthers,3,SO,4281.0,02:53,
27/2/2021,Los Angeles Kings,3,Minnesota Wild,4,OT,,02:37,
27/2/2021,Washington Capitals,5,New Jersey Devils,2,,,02:27,
27/2/2021,Columbus Blue Jackets,1,Nashville Predators,2,,,02:24,
27/2/2021,Pittsburgh Penguins,4,New York Islanders,3,OT,,02:30,at Nassau Veterans Memorial Coliseum (Uniondale NY)
27/2/2021,Calgary Flames,6,Ottawa Senators,3,,,02:32,
27/2/2021,St. Louis Blues,7,San Jose Sharks,6,,,02:34,
27/2/2021,Dallas Stars,0,Tampa Bay Lightning,5,,537.0,02:18,
27/2/2021,Montreal Canadiens,1,Winnipeg Jets,2,OT,,02:27,
28/2/2021,Philadelphia Flyers,3,Buffalo Sabres,0,,,02:13,
28/2/2021,Detroit Red Wings,2,Chicago Blackhawks,7,,,02:25,
28/2/2021,Washington Capitals,3,New Jersey Devils,2,,,02:25,
28/2/2021,Columbus Blue Jackets,1,Nashville Predators,3,,,02:25,
28/2/2021,Pittsburgh Penguins,0,New York Islanders,2,,,02:22,at Nassau Veterans Memorial Coliseum (Uniondale NY)
28/2/2021,Boston Bruins,4,New York Rangers,1,,1800.0,02:24,
1/3/2021,St. Louis Blues,5,Anaheim Ducks,4,,,02:29,
1/3/2021,Toronto Maple Leafs,3,Edmonton Oilers,0,,,02:23,
1/3/2021,Carolina Hurricanes,3,Florida Panthers,2,OT,3817.0,02:30,
1/3/2021,Calgary Flames,1,Ottawa Senators,5,,,02:25,
1/3/2021,Colorado Avalanche,2,San Jose Sharks,6,,,02:22,
1/3/2021,Minnesota Wild,4,Vegas Golden Knights,5,OT,2605.0,02:31,
1/3/2021,Vancouver Canucks,4,Winnipeg Jets,0,,,02:20,
2/3/2021,Detroit Red Wings,1,Columbus Blue Jackets,4,,1953.0,02:23,
2/3/2021,Tampa Bay Lightning,2,Dallas Stars,0,,4067.0,02:24,
2/3/2021,Ottawa Senators,1,Montreal Canadiens,3,,,02:25,
2/3/2021,New York Islanders,2,New Jersey Devils,1,,1800.0,02:27,
2/3/2021,Carolina Hurricanes,4,Nashville Predators,2,,,02:27,
2/3/2021,Buffalo Sabres,2,New York Rangers,3,,1800.0,02:18,
2/3/2021,Philadelphia Flyers,2,Pittsburgh Penguins,5,,2800.0,02:27,
2/3/2021,Vancouver Canucks,2,Winnipeg Jets,5,,,02:17,
3/3/2021,St. Louis Blues,3,Anaheim Ducks,2,,,02:28,
3/3/2021,Washington Capitals,2,Boston Bruins,1,SO,,02:48,
3/3/2021,Toronto Maple Leafs,6,Edmonton Oilers,1,,,02:22,
3/3/2021,Arizona Coyotes,3,Los Angeles Kings,2,,,02:20,
3/3/2021,Colorado Avalanche,4,San Jose Sharks,0,,,02:25,
3/3/2021,Minnesota Wild,1,Vegas Golden Knights,5,,2610.0,02:25,
4/3/2021,Detroit Red Wings,2,Carolina Hurricanes,5,,2924.0,02:30,
4/3/2021,Ottawa Senators,3,Calgary Flames,7,,,02:27,
4/3/2021,Tampa Bay Lightning,3,Chicago Blackhawks,2,OT,,02:30,
4/3/2021,Columbus Blue Jackets,3,Dallas Stars,2,,4112.0,02:18,
4/3/2021,Winnipeg Jets,4,Montreal Canadiens,3,OT,,02:22,
4/3/2021,New York Rangers,6,New Jersey Devils,1,,,02:27,
4/3/2021,Florida Panthers,5,Nashville Predators,4,,,02:36,
4/3/2021,Buffalo Sabres,2,New York Islanders,5,,,02:17,at Nassau Veterans Memorial Coliseum (Uniondale NY)
4/3/2021,Philadelphia Flyers,4,Pittsburgh Penguins,3,,2800.0,02:25,
4/3/2021,Toronto Maple Leafs,1,Vancouver Canucks,3,,,02:17,
5/3/2021,Minnesota Wild,5,Arizona Coyotes,1,,2541.0,02:30,
5/3/2021,Washington Capitals,1,Boston Bruins,5,,,03:01,
5/3/2021,Tampa Bay Lightning,3,Chicago Blackhawks,4,SO,,02:37,
5/3/2021,Anaheim Ducks,2,Colorado Avalanche,3,OT,,02:32,
5/3/2021,St. Louis Blues,3,Los Angeles Kings,2,OT,,02:22,
5/3/2021,Vegas Golden Knights,5,San Jose Sharks,4,OT,,02:32,
6/3/2021,Minnesota Wild,2,Arizona Coyotes,5,,3141.0,02:33,
6/3/2021,Anaheim Ducks,5,Colorado Avalanche,4,OT,,02:39,
6/3/2021,Columbus Blue Jackets,0,Dallas Stars,5,,4203.0,02:25,
6/3/2021,Calgary Flames,2,Edmonton Oilers,3,,,02:24,
6/3/2021,St. Louis Blues,3,Los Angeles Kings,4,OT,,02:24,
6/3/2021,Winnipeg Jets,1,Montreal Canadiens,7,,,02:18,
6/3/2021,New York Rangers,6,New Jersey Devils,3,,1800.0,02:23,
6/3/2021,Florida Panthers,6,Nashville Predators,2,,,02:30,
6/3/2021,Buffalo Sabres,2,New York Islanders,5,,,02:16,at Nassau Veterans Memorial Coliseum (Uniondale NY)
6/3/2021,Philadelphia Flyers,3,Pittsburgh Penguins,4,,2800.0,02:30,
6/3/2021,Vegas Golden Knights,4,San Jose Sharks,0,,,02:15,
6/3/2021,Toronto Maple Leafs,2,Vancouver Canucks,4,,,02:30,
7/3/2021,New Jersey Devils,1,Boston Bruins,0,,,02:25,
7/3/2021,Florida Panthers,2,Carolina Hurricanes,4,,2924.0,02:49,
7/3/2021,Ottawa Senators,4,Calgary Flames,3,SO,,02:42,
7/3/2021,Tampa Bay Lightning,6,Chicago Blackhawks,3,,,02:27,
7/3/2021,Nashville Predators,4,Dallas Stars,3,SO,3976.0,02:44,
7/3/2021,Buffalo Sabres,2,New York Islanders,5,,,02:20,at Nassau Veterans Memorial Coliseum (Uniondale NY)
7/3/2021,Washington Capitals,3,Philadelphia Flyers,1,,3023.0,02:23,
7/3/2021,New York Rangers,1,Pittsburgh Penguins,5,,2800.0,02:26,
8/3/2021,Los Angeles Kings,5,Anaheim Ducks,6,OT,,02:27,
8/3/2021,Arizona Coyotes,3,Colorado Avalanche,2,,,02:29,
8/3/2021,Ottawa Senators,2,Edmonton Oilers,3,,,02:23,
8/3/2021,Vegas Golden Knights,0,Minnesota Wild,2,,,02:22,
8/3/2021,St. Louis Blues,2,San Jose Sharks,3,OT,,02:30,
8/3/2021,Montreal Canadiens,1,Vancouver Canucks,2,SO,,02:33,
9/3/2021,Nashville Predators,2,Carolina Hurricanes,3,OT,2924.0,02:45,
9/3/2021,Florida Panthers,4,Columbus Blue Jackets,2,,3448.0,02:23,
9/3/2021,Chicago Blackhawks,1,Dallas Stars,6,,4211.0,02:20,
9/3/2021,Tampa Bay Lightning,4,Detroit Red Wings,3,OT,,02:32,
9/3/2021,Boston Bruins,1,New York Islanders,2,SO,,02:32,at Nassau Veterans Memorial Coliseum (Uniondale NY)
9/3/2021,Buffalo Sabres,4,Philadelphia Flyers,5,SO,2838.0,02:34,
9/3/2021,New York Rangers,2,Pittsburgh Penguins,4,,2800.0,02:28,
9/3/2021,Winnipeg Jets,4,Toronto Maple Leafs,3,,,02:16,
9/3/2021,New Jersey Devils,4,Washington Capitals,5,OT,,02:35,
10/3/2021,Los Angeles Kings,5,Anaheim Ducks,1,,,02:21,
10/3/2021,Arizona Coyotes,1,Colorado Avalanche,2,OT,,02:35,
10/3/2021,Ottawa Senators,1,Edmonton Oilers,7,,,02:27,
10/3/2021,Vegas Golden Knights,3,Minnesota Wild,4,,,02:26,
10/3/2021,Montreal Canadiens,5,Vancouver Canucks,1,,,02:27,
11/3/2021,New York Rangers,0,Boston Bruins,4,,,02:22,
11/3/2021,Pittsburgh Penguins,5,Buffalo Sabres,2,,,02:22,
11/3/2021,Nashville Predators,1,Carolina Hurricanes,5,,2924.0,02:23,
11/3/2021,Florida Panthers,5,Columbus Blue Jackets,4,OT,3739.0,02:26,
11/3/2021,Montreal Canadiens,1,Calgary Flames,2,,,02:22,
11/3/2021,Chicago Blackhawks,4,Dallas Stars,2,,4213.0,02:23,
11/3/2021,Tampa Bay Lightning,4,Detroit Red Wings,6,,,02:41,
11/3/2021,New Jersey Devils,3,New York Islanders,5,,1000.0,02:23,at Nassau Veterans Memorial Coliseum (Uniondale NY)
11/3/2021,Washington Capitals,5,Philadelphia Flyers,3,,2807.0,02:32,
11/3/2021,Winnipeg Jets,3,Toronto Maple Leafs,4,OT,,02:27,
12/3/2021,San Jose Sharks,6,Anaheim Ducks,0,,,02:24,
12/3/2021,Los Angeles Kings,0,Colorado Avalanche,2,,,02:29,
12/3/2021,Ottawa Senators,2,Edmonton Oilers,6,,,02:24,
12/3/2021,Arizona Coyotes,0,Minnesota Wild,4,,,02:22,
12/3/2021,Vegas Golden Knights,5,St. Louis Blues,4,OT,,02:36,
13/3/2021,San Jose Sharks,3,Anaheim Ducks,1,,,02:25,
13/3/2021,New York Rangers,4,Boston Bruins,0,,,02:32,
13/3/2021,Pittsburgh Penguins,3,Buffalo Sabres,0,,,02:22,
13/3/2021,Dallas Stars,3,Columbus Blue Jackets,4,OT,4160.0,02:27,
13/3/2021,Montreal Canadiens,1,Calgary Flames,3,,,02:25,
13/3/2021,Chicago Blackhawks,2,Florida Panthers,4,,4721.0,02:26,
13/3/2021,New York Islanders,3,New Jersey Devils,2,,1800.0,02:17,
13/3/2021,Washington Capitals,5,Philadelphia Flyers,4,,3083.0,02:19,
13/3/2021,Vegas Golden Knights,5,St. Louis Blues,1,,,02:27,
13/3/2021,Nashville Predators,3,Tampa Bay Lightning,6,,3800.0,02:24,
13/3/2021,Winnipeg Jets,5,Toronto Maple Leafs,2,,,02:29,
13/3/2021,Edmonton Oilers,1,Vancouver Canucks,2,,,02:26,
14/3/2021,Dallas Stars,2,Columbus Blue Jackets,1,SO,3992.0,02:32,
14/3/2021,Los Angeles Kings,1,Colorado Avalanche,4,,,02:19,
14/3/2021,Carolina Hurricanes,2,Detroit Red Wings,1,,,02:23,
14/3/2021,Arizona Coyotes,1,Minnesota Wild,4,,,02:24,
14/3/2021,New York Islanders,3,New Jersey Devils,2,SO,1800.0,02:48,
14/3/2021,Toronto Maple Leafs,3,Ottawa Senators,4,,,02:23,
15/3/2021,Washington Capitals,6,Buffalo Sabres,0,,,02:18,
15/3/2021,Edmonton Oilers,3,Calgary Flames,4,,,02:22,
15/3/2021,Chicago Blackhawks,3,Florida Panthers,6,,4512.0,02:32,
15/3/2021,Philadelphia Flyers,5,New York Rangers,4,OT,1639.0,02:40,
15/3/2021,Vancouver Canucks,3,Ottawa Senators,2,OT,,02:37,
15/3/2021,Boston Bruins,1,Pittsburgh Penguins,4,,2800.0,02:28,
15/3/2021,Nashville Predators,4,Tampa Bay Lightning,1,,3800.0,02:28,
15/3/2021,San Jose Sharks,1,Vegas Golden Knights,2,,3473.0,02:43,
15/3/2021,Montreal Canadiens,4,Winnipeg Jets,2,,,02:30,
16/3/2021,Anaheim Ducks,4,Colorado Avalanche,8,,,02:34,
16/3/2021,Tampa Bay Lightning,4,Dallas Stars,3,SO,4057.0,02:43,
16/3/2021,Carolina Hurricanes,2,Detroit Red Wings,4,,,02:28,
16/3/2021,Arizona Coyotes,0,Minnesota Wild,3,,,02:23,
16/3/2021,Buffalo Sabres,2,New Jersey Devils,3,,1800.0,02:27,
16/3/2021,Boston Bruins,2,Pittsburgh Penguins,1,,2800.0,02:30,
16/3/2021,New York Islanders,1,Washington Capitals,3,,,02:21,
17/3/2021,Edmonton Oilers,7,Calgary Flames,3,,,02:23,
17/3/2021,St. Louis Blues,1,Los Angeles Kings,4,,,02:24,
17/3/2021,Philadelphia Flyers,0,New York Rangers,9,,1723.0,02:26,
17/3/2021,Vancouver Canucks,3,Ottawa Senators,2,SO,,02:34,
17/3/2021,San Jose Sharks,4,Vegas Golden Knights,5,,3473.0,02:32,
17/3/2021,Montreal Canadiens,3,Winnipeg Jets,4,OT,,02:22,
18/3/2021,Arizona Coyotes,2,Anaheim Ducks,3,OT,,02:28,
18/3/2021,Boston Bruins,4,Buffalo Sabres,1,,,02:25,
18/3/2021,Columbus Blue Jackets,3,Carolina Hurricanes,2,OT,2924.0,02:31,
18/3/2021,Minnesota Wild,1,Colorado Avalanche,5,,,02:31,
18/3/2021,Dallas Stars,2,Detroit Red Wings,3,,,02:27,
18/3/2021,Winnipeg Jets,1,Edmonton Oilers,2,,,02:25,
18/3/2021,Nashville Predators,2,Florida Panthers,1,,4559.0,02:30,
18/3/2021,Pittsburgh Penguins,2,New Jersey Devils,3,,1800.0,02:33,
18/3/2021,Philadelphia Flyers,4,New York Islanders,3,,1400.0,02:28,at Nassau Veterans Memorial Coliseum (Uniondale NY)
18/3/2021,Chicago Blackhawks,2,Tampa Bay Lightning,4,,3800.0,02:22,
19/3/2021,Vegas Golden Knights,4,Los Angeles Kings,2,,,02:29,
19/3/2021,Vancouver Canucks,3,Montreal Canadiens,2,OT,,02:28,
19/3/2021,St. Louis Blues,2,San Jose Sharks,1,SO,,02:41,
19/3/2021,Calgary Flames,4,Toronto Maple Leafs,3,,,02:25,
19/3/2021,New York Rangers,1,Washington Capitals,2,,,02:20,
20/3/2021,Arizona Coyotes,5,Anaheim Ducks,1,,,02:24,
20/3/2021,Columbus Blue Jackets,3,Carolina Hurricanes,2,SO,2924.0,02:39,
20/3/2021,Minnesota Wild,0,Colorado Avalanche,6,,,02:31,
20/3/2021,Dallas Stars,3,Detroit Red Wings,0,,,02:20,
20/3/2021,Winnipeg Jets,2,Edmonton Oilers,4,,,02:22,
20/3/2021,Nashville Predators,0,Florida Panthers,2,,4358.0,02:22,
20/3/2021,Vancouver Canucks,4,Montreal Canadiens,5,SO,,02:36,
20/3/2021,Pittsburgh Penguins,3,New Jersey Devils,1,,1800.0,02:22,
20/3/2021,Philadelphia Flyers,1,New York Islanders,6,,1400.0,02:18,at Nassau Veterans Memorial Coliseum (Uniondale NY)
20/3/2021,St. Louis Blues,5,San Jose Sharks,2,,,02:25,
20/3/2021,Chicago Blackhawks,1,Tampa Bay Lightning,4,,3800.0,02:20,
20/3/2021,Calgary Flames,0,Toronto Maple Leafs,2,,,02:25,
20/3/2021,New York Rangers,3,Washington Capitals,1,,,02:28,
21/3/2021,Nashville Predators,4,Dallas Stars,3,SO,4011.0,02:48,
21/3/2021,Vegas Golden Knights,1,Los Angeles Kings,3,,,02:29,
21/3/2021,New Jersey Devils,2,Pittsburgh Penguins,1,OT,2800.0,02:21,
21/3/2021,Florida Panthers,3,Tampa Bay Lightning,5,,3800.0,02:36,
22/3/2021,Colorado Avalanche,5,Arizona Coyotes,1,,2593.0,02:22,
22/3/2021,Carolina Hurricanes,3,Columbus Blue Jackets,0,,3829.0,02:17,
22/3/2021,Anaheim Ducks,1,Minnesota Wild,2,,,02:23,
22/3/2021,Buffalo Sabres,3,New York Rangers,5,,1800.0,02:24,
22/3/2021,Calgary Flames,1,Ottawa Senators,2,,,02:17,
22/3/2021,New York Islanders,2,Philadelphia Flyers,1,OT,2820.0,02:23,
22/3/2021,Los Angeles Kings,1,San Jose Sharks,2,,,02:22,
22/3/2021,Winnipeg Jets,4,Vancouver Canucks,0,,,02:18,
22/3/2021,St. Louis Blues,1,Vegas Golden Knights,5,,3750.0,02:22,
23/3/2021,Colorado Avalanche,4,Arizona Coyotes,5,SO,2539.0,02:41,
23/3/2021,Florida Panthers,2,Chicago Blackhawks,3,,,02:28,
23/3/2021,Tampa Bay Lightning,2,Dallas Stars,1,,4103.0,02:32,
23/3/2021,Detroit Red Wings,0,Nashville Predators,2,,,02:24,
23/3/2021,New Jersey Devils,4,Philadelphia Flyers,3,,2882.0,02:28,
24/3/2021,Anaheim Ducks,2,Minnesota Wild,3,,,02:29,
24/3/2021,Calgary Flames,1,Ottawa Senators,3,,,02:16,
24/3/2021,Buffalo Sabres,2,Pittsburgh Penguins,5,,2800.0,02:26,
24/3/2021,Los Angeles Kings,2,San Jose Sharks,4,,,02:24,
24/3/2021,Winnipeg Jets,5,Vancouver Canucks,1,,,02:24,
25/3/2021,New York Islanders,4,Boston Bruins,3,OT,2191.0,02:40,
25/3/2021,Carolina Hurricanes,4,Columbus Blue Jackets,3,OT,4033.0,02:32,
25/3/2021,Florida Panthers,0,Chicago Blackhawks,3,,,02:21,
25/3/2021,Vegas Golden Knights,1,Colorado Avalanche,5,,,02:30,
25/3/2021,Tampa Bay Lightning,3,Dallas Stars,4,,4187.0,02:34,
25/3/2021,St. Louis Blues,0,Minnesota Wild,2,,,02:21,
25/3/2021,Detroit Red Wings,1,Nashville Predators,7,,,02:28,
25/3/2021,Toronto Maple Leafs,3,Ottawa Senators,2,OT,,02:41,
25/3/2021,New York Rangers,8,Philadelphia Flyers,3,,2854.0,02:32,
25/3/2021,Buffalo Sabres,0,Pittsburgh Penguins,4,,2800.0,02:25,
25/3/2021,New Jersey Devils,3,Washington Capitals,4,,,02:31,
26/3/2021,San Jose Sharks,2,Arizona Coyotes,5,,3007.0,02:23,
26/3/2021,Winnipeg Jets,3,Calgary Flames,2,,,02:24,
26/3/2021,Anaheim Ducks,4,St. Louis Blues,1,,,02:23,
26/3/2021,New Jersey Devils,0,Washington Capitals,4,,,02:25,
27/3/2021,San Jose Sharks,0,Arizona Coyotes,4,,3217.0,02:27,
27/3/2021,Buffalo Sabres,2,Boston Bruins,3,,2191.0,02:28,
27/3/2021,Tampa Bay Lightning,3,Carolina Hurricanes,4,,4433.0,02:31,
27/3/2021,Winnipeg Jets,2,Calgary Flames,4,,,02:22,
27/3/2021,Nashville Predators,3,Chicago Blackhawks,1,,,02:15,
27/3/2021,Vegas Golden Knights,3,Colorado Avalanche,2,OT,,02:29,
27/3/2021,Florida Panthers,4,Dallas Stars,3,OT,4209.0,02:44,
27/3/2021,Columbus Blue Jackets,1,Detroit Red Wings,3,,,02:20,
27/3/2021,New York Rangers,1,Philadelphia Flyers,2,,3069.0,02:24,
27/3/2021,New York Islanders,3,Pittsburgh Penguins,6,,2800.0,02:23,
27/3/2021,Edmonton Oilers,3,Toronto Maple Leafs,4,OT,,02:27,
28/3/2021,New Jersey Devils,1,Boston Bruins,0,,2191.0,02:46,
28/3/2021,Nashville Predators,3,Chicago Blackhawks,2,,,02:22,
28/3/2021,Florida Panthers,4,Dallas Stars,1,,4026.0,02:35,
28/3/2021,Columbus Blue Jackets,1,Detroit Red Wings,4,,,02:18,
28/3/2021,Anaheim Ducks,3,St. Louis Blues,2,OT,,02:30,
28/3/2021,New York Rangers,4,Washington Capitals,5,,,02:28,
29/3/2021,Philadelphia Flyers,4,Buffalo Sabres,3,OT,,02:31,
29/3/2021,Winnipeg Jets,5,Calgary Flames,1,,,02:24,
29/3/2021,Anaheim Ducks,2,Colorado Avalanche,5,,,02:31,
29/3/2021,New York Islanders,1,Pittsburgh Penguins,2,,2800.0,02:26,
29/3/2021,Minnesota Wild,3,San Jose Sharks,4,SO,,02:37,
29/3/2021,Edmonton Oilers,3,Toronto Maple Leafs,2,OT,,02:24,
29/3/2021,Los Angeles Kings,1,Vegas Golden Knights,4,,3950.0,02:13,
30/3/2021,New Jersey Devils,4,Boston Bruins,5,SO,2191.0,02:50,
30/3/2021,Carolina Hurricanes,1,Chicago Blackhawks,2,,,02:25,
30/3/2021,Detroit Red Wings,1,Florida Panthers,4,,4321.0,02:23,
30/3/2021,Edmonton Oilers,0,Montreal Canadiens,4,,,02:29,
30/3/2021,Dallas Stars,2,Nashville Predators,3,OT,,02:26,
30/3/2021,Washington Capitals,2,New York Rangers,5,,1761.0,02:27,
30/3/2021,Columbus Blue Jackets,3,Tampa Bay Lightning,1,,3800.0,02:41,
31/3/2021,Philadelphia Flyers,1,Buffalo Sabres,6,,,02:21,
31/3/2021,Arizona Coyotes,3,Colorado Avalanche,9,,,02:34,
31/3/2021,Minnesota Wild,2,San Jose Sharks,4,,,02:28,
31/3/2021,Los Angeles Kings,4,Vegas Golden Knights,2,,3950.0,02:26,
31/3/2021,Toronto Maple Leafs,3,Winnipeg Jets,1,,,02:23,
1/4/2021,Pittsburgh Penguins,4,Boston Bruins,1,,2191.0,02:33,
1/4/2021,New York Rangers,3,Buffalo Sabres,2,OT,,02:26,
1/4/2021,Carolina Hurricanes,4,Chicago Blackhawks,3,,,02:31,
1/4/2021,Detroit Red Wings,2,Florida Panthers,3,OT,4359.0,02:35,
1/4/2021,Dallas Stars,4,Nashville Predators,1,,,02:24,
1/4/2021,Washington Capitals,4,New York Islanders,8,,1400.0,02:33,at Nassau Veterans Memorial Coliseum (Uniondale NY)
1/4/2021,Montreal Canadiens,4,Ottawa Senators,1,,,02:22,
1/4/2021,Columbus Blue Jackets,2,Tampa Bay Lightning,3,,3800.0,02:28,
1/4/2021,Minnesota Wild,3,Vegas Golden Knights,2,SO,3950.0,02:36,
2/4/2021,Arizona Coyotes,4,Anaheim Ducks,2,,,02:26,
2/4/2021,St. Louis Blues,2,Colorado Avalanche,3,,4039.0,02:28,
2/4/2021,Calgary Flames,2,Edmonton Oilers,3,,,02:21,
2/4/2021,San Jose Sharks,3,Los Angeles Kings,0,,,02:26,
2/4/2021,Washington Capitals,2,New Jersey Devils,1,OT,3600.0,02:29,
2/4/2021,Toronto Maple Leafs,2,Winnipeg Jets,1,SO,,02:28,
3/4/2021,Pittsburgh Penguins,5,Boston Bruins,7,,2191.0,02:44,
3/4/2021,New York Rangers,2,Buffalo Sabres,3,SO,,02:39,
3/4/2021,Dallas Stars,3,Carolina Hurricanes,2,,4987.0,02:30,
3/4/2021,St. Louis Blues,1,Colorado Avalanche,2,,4035.0,02:29,
3/4/2021,Columbus Blue Jackets,2,Florida Panthers,5,,4375.0,02:28,
3/4/2021,San Jose Sharks,3,Los Angeles Kings,2,,,02:18,
3/4/2021,Ottawa Senators,6,Montreal Canadiens,3,,,02:33,
3/4/2021,Chicago Blackhawks,0,Nashville Predators,3,,,02:26,
3/4/2021,Philadelphia Flyers,2,New York Islanders,3,SO,1400.0,02:41,at Nassau Veterans Memorial Coliseum (Uniondale NY)
3/4/2021,Detroit Red Wings,1,Tampa Bay Lightning,2,,3800.0,02:17,
3/4/2021,Minnesota Wild,2,Vegas Golden Knights,1,,3950.0,02:24,
4/4/2021,Arizona Coyotes,3,Anaheim Ducks,2,OT,,02:37,
4/4/2021,Dallas Stars,0,Carolina Hurricanes,1,,4987.0,02:21,
4/4/2021,Toronto Maple Leafs,4,Calgary Flames,2,,,02:17,
4/4/2021,Columbus Blue Jackets,0,Florida Panthers,3,,4069.0,02:20,
4/4/2021,Washington Capitals,5,New Jersey Devils,4,,3600.0,02:32,
4/4/2021,Detroit Red Wings,5,Tampa Bay Lightning,1,,3800.0,02:20,
5/4/2021,Philadelphia Flyers,3,Boston Bruins,2,OT,2191.0,02:38,
5/4/2021,Toronto Maple Leafs,5,Calgary Flames,3,,,02:27,
5/4/2021,Arizona Coyotes,5,Los Angeles Kings,2,,,02:35,
5/4/2021,Colorado Avalanche,5,Minnesota Wild,4,,3000.0,03:00,
5/4/2021,Edmonton Oilers,2,Montreal Canadiens,3,OT,,02:29,
5/4/2021,Vegas Golden Knights,6,St. Louis Blues,1,,,02:44,
5/4/2021,Ottawa Senators,3,Winnipeg Jets,4,,,02:20,
6/4/2021,Florida Panthers,2,Carolina Hurricanes,5,,4987.0,02:30,
6/4/2021,Tampa Bay Lightning,2,Columbus Blue Jackets,4,,4080.0,02:30,
6/4/2021,Dallas Stars,2,Chicago Blackhawks,4,,,02:30,
6/4/2021,Nashville Predators,3,Detroit Red Wings,2,SO,,02:32,
6/4/2021,Buffalo Sabres,5,New Jersey Devils,3,,3600.0,02:22,
6/4/2021,Washington Capitals,0,New York Islanders,1,,1400.0,02:28,at Nassau Veterans Memorial Coliseum (Uniondale NY)
6/4/2021,Pittsburgh Penguins,4,New York Rangers,8,,1693.0,02:30,
6/4/2021,Boston Bruins,4,Philadelphia Flyers,2,,2638.0,02:36,
6/4/2021,Anaheim Ducks,5,San Jose Sharks,1,,,02:24,
7/4/2021,Arizona Coyotes,3,Los Angeles Kings,4,,,02:27,
7/4/2021,Colorado Avalanche,3,Minnesota Wild,8,,3000.0,02:47,
7/4/2021,Edmonton Oilers,4,Ottawa Senators,2,,,02:20,
7/4/2021,Vegas Golden Knights,1,St. Louis Blues,3,,,02:29,
7/4/2021,Montreal Canadiens,2,Toronto Maple Leafs,3,,,02:27,
8/4/2021,New Jersey Devils,6,Buffalo Sabres,3,,,02:20,
8/4/2021,Florida Panthers,0,Carolina Hurricanes,3,,4987.0,02:29,
8/4/2021,Tampa Bay Lightning,6,Columbus Blue Jackets,4,,4143.0,02:37,
8/4/2021,Dallas Stars,5,Chicago Blackhawks,1,,,02:22,
8/4/2021,Nashville Predators,7,Detroit Red Wings,1,,,02:26,
8/4/2021,Winnipeg Jets,4,Montreal Canadiens,2,,,02:25,
8/4/2021,Philadelphia Flyers,2,New York Islanders,3,SO,1400.0,02:43,at Nassau Veterans Memorial Coliseum (Uniondale NY)
8/4/2021,Pittsburgh Penguins,5,New York Rangers,2,,1800.0,02:25,
8/4/2021,Edmonton Oilers,3,Ottawa Senators,1,,,02:19,
8/4/2021,Boston Bruins,4,Washington Capitals,2,,,02:34,
9/4/2021,Colorado Avalanche,2,Anaheim Ducks,0,,,02:21,
9/4/2021,Washington Capitals,4,Buffalo Sabres,3,,,02:31,
9/4/2021,Pittsburgh Penguins,6,New Jersey Devils,4,,3600.0,02:27,
9/4/2021,New York Rangers,4,New York Islanders,1,,1400.0,02:25,at Nassau Veterans Memorial Coliseum (Uniondale NY)
9/4/2021,Los Angeles Kings,2,San Jose Sharks,5,,,02:27,
9/4/2021,Minnesota Wild,1,St. Louis Blues,9,,,02:27,
9/4/2021,Arizona Coyotes,4,Vegas Golden Knights,7,,3950.0,02:25,
10/4/2021,Detroit Red Wings,5,Carolina Hurricanes,4,SO,4987.0,02:41,
10/4/2021,Chicago Blackhawks,4,Columbus Blue Jackets,3,,4502.0,02:53,
10/4/2021,Edmonton Oilers,0,Calgary Flames,5,,,02:28,
10/4/2021,Florida Panthers,1,Dallas Stars,4,,4165.0,02:27,
10/4/2021,Winnipeg Jets,5,Montreal Canadiens,0,,,02:22,
10/4/2021,Tampa Bay Lightning,3,Nashville Predators,0,,,02:33,
10/4/2021,Boston Bruins,2,Philadelphia Flyers,3,,3025.0,02:29,
10/4/2021,Los Angeles Kings,4,San Jose Sharks,2,,,02:22,
10/4/2021,Minnesota Wild,2,St. Louis Blues,3,OT,,02:31,
10/4/2021,Ottawa Senators,5,Toronto Maple Leafs,6,,,02:20,
11/4/2021,Colorado Avalanche,4,Anaheim Ducks,1,,,02:39,
11/4/2021,Washington Capitals,8,Boston Bruins,1,,2191.0,02:32,
11/4/2021,Pittsburgh Penguins,5,New Jersey Devils,2,,3600.0,02:29,
11/4/2021,Dallas Stars,2,Nashville Predators,3,SO,,02:32,
11/4/2021,New York Rangers,2,New York Islanders,3,OT,1400.0,02:42,at Nassau Veterans Memorial Coliseum (Uniondale NY)
11/4/2021,Buffalo Sabres,5,Philadelphia Flyers,3,,3250.0,02:31,
11/4/2021,Arizona Coyotes,0,Vegas Golden Knights,1,,3950.0,02:25,
12/4/2021,Detroit Red Wings,3,Carolina Hurricanes,1,,4987.0,02:30,
12/4/2021,Chicago Blackhawks,4,Columbus Blue Jackets,3,OT,4093.0,02:31,
12/4/2021,Arizona Coyotes,2,Colorado Avalanche,4,,4042.0,02:42,
12/4/2021,Vegas Golden Knights,4,Los Angeles Kings,2,,,02:20,
12/4/2021,Toronto Maple Leafs,2,Montreal Canadiens,4,,,02:21,
12/4/2021,Winnipeg Jets,2,Ottawa Senators,4,,,02:20,
12/4/2021,Anaheim Ducks,4,San Jose Sharks,0,,,02:24,
13/4/2021,Buffalo Sabres,2,Boston Bruins,3,SO,2191.0,02:45,
13/4/2021,Florida Panthers,3,Dallas Stars,2,OT,4199.0,02:47,
13/4/2021,New York Rangers,3,New Jersey Devils,0,,3600.0,02:15,
13/4/2021,Tampa Bay Lightning,2,Nashville Predators,7,,,02:25,
13/4/2021,Calgary Flames,3,Toronto Maple Leafs,2,OT,,02:23,
13/4/2021,Philadelphia Flyers,1,Washington Capitals,6,,,02:26,
14/4/2021,Vegas Golden Knights,6,Los Angeles Kings,2,,,02:24,
14/4/2021,Arizona Coyotes,2,Minnesota Wild,5,,3000.0,02:18,
14/4/2021,Calgary Flames,4,Montreal Canadiens,1,,,02:22,
14/4/2021,Winnipeg Jets,3,Ottawa Senators,2,,,02:23,
14/4/2021,Anaheim Ducks,4,San Jose Sharks,1,,,02:31,
14/4/2021,Colorado Avalanche,4,St. Louis Blues,3,,,02:33,
15/4/2021,New York Islanders,1,Boston Bruins,4,,2191.0,02:34,
15/4/2021,Nashville Predators,1,Carolina Hurricanes,4,,4987.0,02:27,
15/4/2021,Columbus Blue Jackets,1,Dallas Stars,4,,4201.0,02:20,
15/4/2021,Chicago Blackhawks,1,Detroit Red Wings,4,,,02:14,
15/4/2021,New Jersey Devils,0,New York Rangers,4,,1688.0,02:16,
15/4/2021,Philadelphia Flyers,2,Pittsburgh Penguins,1,SO,4672.0,02:40,
15/4/2021,Florida Panthers,2,Tampa Bay Lightning,3,OT,3800.0,02:25,
15/4/2021,Winnipeg Jets,5,Toronto Maple Leafs,2,,,02:20,
15/4/2021,Buffalo Sabres,5,Washington Capitals,2,,,02:21,
16/4/2021,Vegas Golden Knights,4,Anaheim Ducks,0,,1717.0,02:21,
16/4/2021,New York Islanders,0,Boston Bruins,3,,2191.0,02:26,
16/4/2021,San Jose Sharks,2,Minnesota Wild,3,,3000.0,02:19,
16/4/2021,Calgary Flames,1,Montreal Canadiens,2,,,02:18,
17/4/2021,St. Louis Blues,2,Arizona Coyotes,3,,3981.0,02:19,
17/4/2021,Pittsburgh Penguins,3,Buffalo Sabres,2,,,02:17,
17/4/2021,Nashville Predators,1,Carolina Hurricanes,3,,4987.0,02:28,
17/4/2021,Columbus Blue Jackets,1,Dallas Stars,5,,5643.0,02:27,
17/4/2021,Chicago Blackhawks,4,Detroit Red Wings,0,,,02:22,
17/4/2021,San Jose Sharks,2,Minnesota Wild,5,,3000.0,02:23,
17/4/2021,Ottawa Senators,4,Montreal Canadiens,0,,,02:17,
17/4/2021,New Jersey Devils,3,New York Rangers,6,,1800.0,02:24,
17/4/2021,Washington Capitals,6,Philadelphia Flyers,3,,3430.0,02:28,
17/4/2021,Florida Panthers,5,Tampa Bay Lightning,3,,3800.0,02:23,
17/4/2021,Edmonton Oilers,3,Winnipeg Jets,0,,,02:15,
18/4/2021,Vegas Golden Knights,5,Anaheim Ducks,2,,1717.0,02:25,
18/4/2021,Washington Capitals,3,Boston Bruins,6,,2191.0,02:35,
18/4/2021,Pittsburgh Penguins,2,Buffalo Sabres,4,,,02:25,
18/4/2021,New York Rangers,5,New Jersey Devils,3,,3500.0,02:24,
18/4/2021,New York Islanders,1,Philadelphia Flyers,0,OT,3603.0,02:25,
18/4/2021,Toronto Maple Leafs,2,Vancouver Canucks,3,OT,,02:24,
19/4/2021,Minnesota Wild,5,Arizona Coyotes,2,,3481.0,02:24,
19/4/2021,Ottawa Senators,4,Calgary Flames,2,,,02:22,
19/4/2021,Detroit Red Wings,2,Dallas Stars,3,SO,4812.0,02:32,
19/4/2021,Montreal Canadiens,1,Edmonton Oilers,4,,,02:26,
19/4/2021,Columbus Blue Jackets,2,Florida Panthers,4,,4041.0,02:30,
19/4/2021,Chicago Blackhawks,2,Nashville Predators,5,,,02:27,
19/4/2021,Carolina Hurricanes,2,Tampa Bay Lightning,3,OT,3800.0,02:36,
19/4/2021,San Jose Sharks,2,Vegas Golden Knights,3,SO,3950.0,02:43,
20/4/2021,Boston Bruins,2,Buffalo Sabres,0,,,02:39,
20/4/2021,Detroit Red Wings,2,Dallas Stars,5,,5148.0,02:25,
20/4/2021,Columbus Blue Jackets,1,Florida Panthers,5,,4132.0,02:27,
20/4/2021,Anaheim Ducks,1,Los Angeles Kings,4,,1431.0,02:26,
20/4/2021,New York Rangers,1,New York Islanders,6,,1400.0,02:11,at Nassau Veterans Memorial Coliseum (Uniondale NY)
20/4/2021,New Jersey Devils,6,Pittsburgh Penguins,7,,4672.0,02:31,
20/4/2021,Carolina Hurricanes,4,Tampa Bay Lightning,1,,3800.0,02:28,
20/4/2021,Toronto Maple Leafs,3,Vancouver Canucks,6,,,02:25,
21/4/2021,Minnesota Wild,4,Arizona Coyotes,1,,3736.0,02:23,
21/4/2021,Nashville Predators,4,Chicago Blackhawks,5,OT,,02:26,
21/4/2021,Montreal Canadiens,4,Edmonton Oilers,3,,,02:25,
21/4/2021,San Jose Sharks,2,Vegas Golden Knights,5,,3950.0,02:26,
22/4/2021,Boston Bruins,5,Buffalo Sabres,1,,,02:24,
22/4/2021,Dallas Stars,3,Detroit Red Wings,7,,,02:29,
22/4/2021,Carolina Hurricanes,4,Florida Panthers,2,,4683.0,02:39,
22/4/2021,Washington Capitals,1,New York Islanders,0,SO,1400.0,02:28,at Nassau Veterans Memorial Coliseum (Uniondale NY)
22/4/2021,Philadelphia Flyers,3,New York Rangers,2,,1800.0,02:30,
22/4/2021,New Jersey Devils,1,Pittsburgh Penguins,5,,4672.0,02:15,
22/4/2021,Colorado Avalanche,4,St. Louis Blues,2,,,02:26,
22/4/2021,Columbus Blue Jackets,1,Tampa Bay Lightning,3,,4200.0,02:23,
22/4/2021,Ottawa Senators,3,Vancouver Canucks,0,,,02:25,
22/4/2021,Toronto Maple Leafs,5,Winnipeg Jets,3,,,02:19,
23/4/2021,Boston Bruins,4,Buffalo Sabres,6,,,02:31,
23/4/2021,Montreal Canadiens,2,Calgary Flames,4,,,02:28,
23/4/2021,Nashville Predators,3,Chicago Blackhawks,1,,,02:21,
23/4/2021,Minnesota Wild,4,Los Angeles Kings,2,,1091.0,02:21,
23/4/2021,Philadelphia Flyers,1,New York Rangers,4,,1800.0,02:22,
24/4/2021,Vegas Golden Knights,5,Anaheim Ducks,1,,1717.0,02:25,
24/4/2021,Montreal Canadiens,2,Calgary Flames,5,,,02:31,
24/4/2021,Dallas Stars,2,Detroit Red Wings,1,OT,,02:24,
24/4/2021,Carolina Hurricanes,3,Florida Panthers,4,OT,4838.0,02:31,
24/4/2021,Arizona Coyotes,4,Los Angeles Kings,0,,1497.0,02:25,
24/4/2021,Washington Capitals,6,New York Islanders,3,,1400.0,02:28,at Nassau Veterans Memorial Coliseum (Uniondale NY)
24/4/2021,New Jersey Devils,2,Pittsburgh Penguins,4,,4672.0,02:24,
24/4/2021,Minnesota Wild,6,San Jose Sharks,3,,,02:20,
24/4/2021,Colorado Avalanche,3,St. Louis Blues,5,,,02:32,
24/4/2021,Ottawa Senators,2,Vancouver Canucks,4,,,02:27,
24/4/2021,Toronto Maple Leafs,4,Winnipeg Jets,1,,,02:22,
25/4/2021,Buffalo Sabres,3,New York Rangers,6,,1800.0,02:20,
25/4/2021,New Jersey Devils,3,Philadelphia Flyers,4,SO,3651.0,02:42,
25/4/2021,Boston Bruins,0,Pittsburgh Penguins,1,,4672.0,02:26,
25/4/2021,Columbus Blue Jackets,3,Tampa Bay Lightning,4,OT,4200.0,02:26,
26/4/2021,Montreal Canadiens,2,Calgary Flames,1,,,02:21,
26/4/2021,Carolina Hurricanes,3,Dallas Stars,4,OT,5364.0,02:34,
26/4/2021,Anaheim Ducks,1,Los Angeles Kings,4,,1373.0,02:18,
26/4/2021,Florida Panthers,1,Nashville Predators,4,,,02:26,
26/4/2021,Vancouver Canucks,1,Ottawa Senators,2,,,02:17,
26/4/2021,Arizona Coyotes,4,San Jose Sharks,6,,520.0,02:25,
26/4/2021,Colorado Avalanche,1,St. Louis Blues,4,,,02:23,
26/4/2021,Edmonton Oilers,6,Winnipeg Jets,1,,,02:11,
27/4/2021,Detroit Red Wings,0,Columbus Blue Jackets,1,SO,4316.0,02:29,
27/4/2021,Tampa Bay Lightning,7,Chicago Blackhawks,4,,,02:27,
27/4/2021,Carolina Hurricanes,5,Dallas Stars,1,,6014.0,02:22,
27/4/2021,Philadelphia Flyers,4,New Jersey Devils,6,,3600.0,02:36,
27/4/2021,Florida Panthers,7,Nashville Predators,4,,,02:30,
27/4/2021,Buffalo Sabres,1,New York Rangers,3,,1796.0,02:22,
27/4/2021,Boston Bruins,3,Pittsburgh Penguins,1,,4672.0,02:26,
27/4/2021,New York Islanders,0,Washington Capitals,1,,2133.0,02:27,
28/4/2021,Anaheim Ducks,3,Los Angeles Kings,2,,1763.0,02:19,
28/4/2021,St. Louis Blues,4,Minnesota Wild,3,,3000.0,02:25,
28/4/2021,Toronto Maple Leafs,4,Montreal Canadiens,1,,,02:20,
28/4/2021,Vancouver Canucks,3,Ottawa Senators,6,,,02:23,
28/4/2021,Arizona Coyotes,2,San Jose Sharks,4,,1037.0,02:26,
28/4/2021,Colorado Avalanche,2,Vegas Golden Knights,5,,3950.0,02:26,
28/4/2021,Edmonton Oilers,3,Winnipeg Jets,1,,,02:24,
29/4/2021,Buffalo Sabres,2,Boston Bruins,5,,2191.0,02:31,
29/4/2021,Detroit Red Wings,1,Carolina Hurricanes,3,,4987.0,02:24,
29/4/2021,Florida Panthers,4,Chicago Blackhawks,3,OT,,02:24,
29/4/2021,Calgary Flames,3,Edmonton Oilers,1,,,02:23,
29/4/2021,St. Louis Blues,5,Minnesota Wild,4,OT,3000.0,02:33,
29/4/2021,Philadelphia Flyers,3,New Jersey Devils,5,,3600.0,02:29,
29/4/2021,New York Islanders,4,New York Rangers,0,,1800.0,02:21,
29/4/2021,Dallas Stars,0,Tampa Bay Lightning,3,,4200.0,02:16,
29/4/2021,Vancouver Canucks,1,Toronto Maple Leafs,4,,,02:21,
29/4/2021,Pittsburgh Penguins,5,Washington Capitals,4,OT,2133.0,02:44,
30/4/2021,Los Angeles Kings,2,Anaheim Ducks,1,,1717.0,02:24,
30/4/2021,Vegas Golden Knights,0,Arizona Coyotes,3,,5111.0,02:23,
30/4/2021,San Jose Sharks,0,Colorado Avalanche,3,,4045.0,02:21,
30/4/2021,Winnipeg Jets,3,Montreal Canadiens,5,,,02:22,
1/5/2021,Los Angeles Kings,2,Anaheim Ducks,6,,1717.0,02:22,
1/5/2021,Vegas Golden Knights,3,Arizona Coyotes,2,OT,5671.0,02:33,
1/5/2021,Buffalo Sabres,2,Boston Bruins,6,,2191.0,02:35,
1/5/2021,Columbus Blue Jackets,1,Carolina Hurricanes,2,OT,4987.0,02:24,
1/5/2021,Florida Panthers,5,Chicago Blackhawks,4,,,02:20,
1/5/2021,San Jose Sharks,3,Colorado Avalanche,4,,4037.0,02:30,
1/5/2021,Tampa Bay Lightning,0,Detroit Red Wings,1,SO,,02:43,
1/5/2021,Calgary Flames,1,Edmonton Oilers,4,,,02:23,
1/5/2021,St. Louis Blues,3,Minnesota Wild,4,OT,3000.0,02:28,
1/5/2021,Ottawa Senators,2,Montreal Canadiens,3,OT,,02:25,
1/5/2021,Dallas Stars,0,Nashville Predators,1,OT,,02:29,
1/5/2021,New York Rangers,0,New York Islanders,3,,1400.0,02:13,at Nassau Veterans Memorial Coliseum (Uniondale NY)
1/5/2021,New Jersey Devils,4,Philadelphia Flyers,1,,2683.0,02:23,
1/5/2021,Vancouver Canucks,1,Toronto Maple Leafs,5,,,02:20,
1/5/2021,Pittsburgh Penguins,3,Washington Capitals,0,,2133.0,02:25,
2/5/2021,Tampa Bay Lightning,2,Detroit Red Wings,1,,,02:24,
3/5/2021,Los Angeles Kings,3,Arizona Coyotes,2,,4983.0,02:24,
3/5/2021,New York Islanders,2,Buffalo Sabres,4,,,02:26,
3/5/2021,Chicago Blackhawks,2,Carolina Hurricanes,5,,4987.0,02:27,
3/5/2021,Nashville Predators,4,Columbus Blue Jackets,3,OT,4210.0,02:30,
3/5/2021,Dallas Stars,4,Florida Panthers,5,OT,4702.0,02:35,
3/5/2021,Vegas Golden Knights,5,Minnesota Wild,6,,3000.0,02:37,
3/5/2021,Toronto Maple Leafs,2,Montreal Canadiens,3,OT,,02:31,
3/5/2021,Boston Bruins,3,New Jersey Devils,0,,3600.0,02:23,
3/5/2021,Washington Capitals,6,New York Rangers,3,,1800.0,02:32,
3/5/2021,Winnipeg Jets,1,Ottawa Senators,2,,,02:19,
3/5/2021,Pittsburgh Penguins,2,Philadelphia Flyers,7,,2542.0,02:32,
3/5/2021,Colorado Avalanche,5,San Jose Sharks,4,OT,1071.0,02:24,
3/5/2021,Anaheim Ducks,1,St. Louis Blues,3,,,02:26,
3/5/2021,Edmonton Oilers,5,Vancouver Canucks,3,,,02:20,
4/5/2021,New York Islanders,3,Buffalo Sabres,4,SO,,02:28,
4/5/2021,Chicago Blackhawks,3,Carolina Hurricanes,6,,4987.0,02:24,
4/5/2021,Boston Bruins,3,New Jersey Devils,4,OT,3600.0,02:42,
4/5/2021,Pittsburgh Penguins,7,Philadelphia Flyers,3,,2961.0,02:33,
4/5/2021,Edmonton Oilers,4,Vancouver Canucks,1,,,02:16,
5/5/2021,Los Angeles Kings,4,Arizona Coyotes,2,,6964.0,02:27,
5/5/2021,Nashville Predators,2,Columbus Blue Jackets,4,,4084.0,02:23,
5/5/2021,Winnipeg Jets,4,Calgary Flames,0,,,02:16,
5/5/2021,Vegas Golden Knights,3,Minnesota Wild,2,OT,3000.0,02:38,
5/5/2021,Washington Capitals,4,New York Rangers,2,,1800.0,02:35,
5/5/2021,Montreal Canadiens,1,Ottawa Senators,5,,,02:27,
5/5/2021,Colorado Avalanche,2,San Jose Sharks,3,,1041.0,02:26,
5/5/2021,Anaheim Ducks,3,St. Louis Blues,2,SO,,02:39,
5/5/2021,Dallas Stars,2,Tampa Bay Lightning,6,,4200.0,02:26,
6/5/2021,New York Rangers,0,Boston Bruins,4,,2191.0,02:21,
6/5/2021,Chicago Blackhawks,2,Carolina Hurricanes,1,OT,4987.0,02:25,
6/5/2021,Vancouver Canucks,6,Edmonton Oilers,3,,,02:29,
6/5/2021,New Jersey Devils,2,New York Islanders,1,,1400.0,02:18,at Nassau Veterans Memorial Coliseum (Uniondale NY)
6/5/2021,Buffalo Sabres,4,Pittsburgh Penguins,8,,4672.0,02:19,
6/5/2021,Montreal Canadiens,2,Toronto Maple Leafs,5,,,02:23,
7/5/2021,Detroit Red Wings,5,Columbus Blue Jackets,2,,4402.0,02:14,
7/5/2021,Colorado Avalanche,3,Los Angeles Kings,2,,2115.0,02:17,
7/5/2021,Anaheim Ducks,3,Minnesota Wild,4,OT,3000.0,02:27,
7/5/2021,Arizona Coyotes,5,San Jose Sharks,2,,1145.0,02:34,
7/5/2021,Dallas Stars,5,Tampa Bay Lightning,2,,4200.0,02:31,
7/5/2021,St. Louis Blues,3,Vegas Golden Knights,4,OT,7567.0,02:27,
7/5/2021,Philadelphia Flyers,4,Washington Capitals,2,,2133.0,02:23,
8/5/2021,New York Rangers,5,Boston Bruins,4,,2191.0,02:33,
8/5/2021,Detroit Red Wings,4,Columbus Blue Jackets,5,OT,4493.0,02:31,
8/5/2021,Vancouver Canucks,3,Edmonton Oilers,4,,,02:20,
8/5/2021,Tampa Bay Lightning,1,Florida Panthers,5,,5040.0,02:35,
8/5/2021,Colorado Avalanche,3,Los Angeles Kings,2,,2482.0,02:18,
8/5/2021,Anaheim Ducks,3,Minnesota Wild,4,OT,3300.0,02:29,
8/5/2021,Carolina Hurricanes,1,Nashville Predators,3,,,02:22,
8/5/2021,New Jersey Devils,1,New York Islanders,5,,,02:21,at Nassau Veterans Memorial Coliseum (Uniondale NY)
8/5/2021,Buffalo Sabres,0,Pittsburgh Penguins,1,,4672.0,02:16,
8/5/2021,Arizona Coyotes,5,San Jose Sharks,4,OT,1249.0,02:30,
8/5/2021,Montreal Canadiens,2,Toronto Maple Leafs,3,,,02:29,
8/5/2021,St. Louis Blues,1,Vegas Golden Knights,4,,7567.0,02:35,
8/5/2021,Ottawa Senators,4,Winnipeg Jets,2,,,02:16,
8/5/2021,Philadelphia Flyers,1,Washington Capitals,2,OT,2133.0,02:29,
9/5/2021,Ottawa Senators,1,Calgary Flames,6,,,02:23,
9/5/2021,Dallas Stars,2,Chicago Blackhawks,4,,3820.0,02:12,
10/5/2021,New York Islanders,2,Boston Bruins,3,OT,4565.0,02:38,
10/5/2021,Dallas Stars,5,Chicago Blackhawks,4,OT,3917.0,02:26,
10/5/2021,Tampa Bay Lightning,0,Florida Panthers,4,,5040.0,02:30,
10/5/2021,St. Louis Blues,2,Los Angeles Kings,1,OT,2154.0,02:29,
10/5/2021,Edmonton Oilers,4,Montreal Canadiens,3,OT,,02:26,
10/5/2021,Carolina Hurricanes,0,Nashville Predators,5,,,02:25,
10/5/2021,New Jersey Devils,2,Philadelphia Flyers,4,,3882.0,02:18,
10/5/2021,Colorado Avalanche,2,Vegas Golden Knights,1,,7567.0,02:21,
10/5/2021,Vancouver Canucks,3,Winnipeg Jets,1,,,02:23,
11/5/2021,Vancouver Canucks,0,Winnipeg Jets,5,,,02:17,
11/5/2021,Boston Bruins,1,Washington Capitals,2,,2133.0,02:20,
12/5/2021,Los Angeles Kings,0,Colorado Avalanche,6,,4042.0,02:28,
12/5/2021,Edmonton Oilers,4,Montreal Canadiens,3,OT,,02:18,
12/5/2021,Toronto Maple Leafs,3,Ottawa Senators,4,OT,,02:22,
12/5/2021,Vegas Golden Knights,6,San Jose Sharks,0,,1654.0,02:17,
12/5/2021,Minnesota Wild,0,St. Louis Blues,4,,,02:20,
13/5/2021,Vancouver Canucks,1,Calgary Flames,4,,,02:21,
13/5/2021,Los Angeles Kings,1,Colorado Avalanche,5,,4045.0,02:25,
13/5/2021,Minnesota Wild,3,St. Louis Blues,7,,,02:19,
14/5/2021,Toronto Maple Leafs,2,Winnipeg Jets,4,,,02:13,
15/5/2021,Vancouver Canucks,4,Edmonton Oilers,1,,,02:15,
16/5/2021,Calgary Flames,6,Vancouver Canucks,5,OT,,02:34,
18/5/2021,Calgary Flames,2,Vancouver Canucks,4,,,02:28,
19/5/2021,Vancouver Canucks,2,Calgary Flames,6,,,02:27,
