Date,visitor,G,home,G.1,Unnamed: 5,Att.,LOG,Notes,game_date,original_month,original_day,home_team,visitor_team,game_month,game_day,original_month_number,game_month_number,original_date,source,reschedule,day_difference
13/1/2021,St. Louis Blues,4,Colorado Avalanche,1,,,02:24,,2021-01-13,,,,,,,,,,,0.0,
13/1/2021,Vancouver Canucks,5,Edmonton Oilers,3,,,02:24,,2021-01-13,,,,,,,,,,,0.0,
13/1/2021,Pittsburgh Penguins,3,Philadelphia Flyers,6,,,02:21,,2021-01-13,,,,,,,,,,,0.0,
13/1/2021,Chicago Blackhawks,1,Tampa Bay Lightning,5,,,02:26,,2021-01-13,,,,,,,,,,,0.0,
13/1/2021,Montreal Canadiens,4,Toronto Maple Leafs,5,OT,,02:38,,2021-01-13,,,,,,,,,,,0.0,
22/2/2021,Dallas Stars,1,Florida Panthers,3,,3510.0,02:23,,2021-01-14,Jan.,14.0,Panthers,Stars,Feb.,22.0,1.0,2.0,2021-01-14,https://www.sportsnet.ca/nhl/article/nhl-covid-19-schedule-changes-every-postponed-game-2020-21/,1.0,39.0
14/1/2021,Calgary Flames,3,Winnipeg Jets,4,OT,,02:26,,2021-01-14,,,,,,,,,,,0.0,
14/1/2021,Anaheim Ducks,2,Vegas Golden Knights,5,,,02:24,,2021-01-14,,,,,,,,,,,0.0,
14/1/2021,New York Islanders,4,New York Rangers,0,,,02:30,,2021-01-14,,,,,,,,,,,0.0,
14/1/2021,Columbus Blue Jackets,1,Nashville Predators,3,,,02:29,,2021-01-14,,,,,,,,,,,0.0,
14/1/2021,Vancouver Canucks,2,Edmonton Oilers,5,,,02:30,,2021-01-14,,,,,,,,,,,0.0,
14/1/2021,Minnesota Wild,4,Los Angeles Kings,3,OT,,02:37,,2021-01-14,,,,,,,,,,,0.0,
14/1/2021,Carolina Hurricanes,3,Detroit Red Wings,0,,,02:25,,2021-01-14,,,,,,,,,,,0.0,
14/1/2021,Washington Capitals,6,Buffalo Sabres,4,,,02:23,,2021-01-14,,,,,,,,,,,0.0,
14/1/2021,San Jose Sharks,4,Arizona Coyotes,3,SO,2274.0,02:37,,2021-01-14,,,,,,,,,,,0.0,
14/1/2021,Boston Bruins,3,New Jersey Devils,2,SO,,02:43,,2021-01-14,,,,,,,,,,,0.0,
3/5/2021,Dallas Stars,4,Florida Panthers,5,OT,4702.0,02:35,,2021-01-15,Jan.,15.0,Panthers,Stars,May,3.0,1.0,5.0,2021-01-15,https://www.sportsnet.ca/nhl/article/nhl-covid-19-schedule-changes-every-postponed-game-2020-21/,1.0,108.0
15/1/2021,Chicago Blackhawks,2,Tampa Bay Lightning,5,,,02:23,,2021-01-15,,,,,,,,,,,0.0,
15/1/2021,Pittsburgh Penguins,2,Philadelphia Flyers,5,,,02:23,,2021-01-15,,,,,,,,,,,0.0,
15/1/2021,Toronto Maple Leafs,3,Ottawa Senators,5,,,02:28,,2021-01-15,,,,,,,,,,,0.0,
15/1/2021,Washington Capitals,2,Buffalo Sabres,1,,,02:17,,2021-01-15,,,,,,,,,,,0.0,
15/1/2021,St. Louis Blues,0,Colorado Avalanche,8,,,02:31,,2021-01-15,,,,,,,,,,,0.0,
16/1/2021,Anaheim Ducks,1,Vegas Golden Knights,2,OT,,02:18,,2021-01-16,,,,,,,,,,,0.0,
16/1/2021,Toronto Maple Leafs,3,Ottawa Senators,2,,,02:23,,2021-01-16,,,,,,,,,,,0.0,
16/1/2021,Columbus Blue Jackets,2,Nashville Predators,5,,,02:28,,2021-01-16,,,,,,,,,,,0.0,
16/1/2021,New York Islanders,0,New York Rangers,5,,,02:41,,2021-01-16,,,,,,,,,,,0.0,
16/1/2021,Minnesota Wild,4,Los Angeles Kings,3,OT,,02:42,,2021-01-16,,,,,,,,,,,0.0,
16/1/2021,Montreal Canadiens,5,Edmonton Oilers,1,,,02:20,,2021-01-16,,,,,,,,,,,0.0,
16/1/2021,Carolina Hurricanes,2,Detroit Red Wings,4,,,02:28,,2021-01-16,,,,,,,,,,,0.0,
16/1/2021,Vancouver Canucks,0,Calgary Flames,3,,,02:24,,2021-01-16,,,,,,,,,,,0.0,
16/1/2021,San Jose Sharks,3,Arizona Coyotes,5,,2384.0,02:22,,2021-01-16,,,,,,,,,,,0.0,
16/1/2021,Boston Bruins,1,New Jersey Devils,2,OT,,02:34,,2021-01-16,,,,,,,,,,,0.0,
17/1/2021,Chicago Blackhawks,2,Florida Panthers,5,,4147.0,02:27,,2021-01-17,,,,,,,,,,,0.0,
17/1/2021,Washington Capitals,3,Pittsburgh Penguins,4,SO,,02:40,,2021-01-17,,,,,,,,,,,0.0,
18/1/2021,San Jose Sharks,4,St. Louis Blues,5,,,02:32,,2021-01-18,,,,,,,,,,,0.0,
18/1/2021,Arizona Coyotes,2,Vegas Golden Knights,4,,,02:33,,2021-01-18,,,,,,,,,,,0.0,
18/1/2021,Buffalo Sabres,6,Philadelphia Flyers,1,,,02:26,,2021-01-18,,,,,,,,,,,0.0,
18/1/2021,Winnipeg Jets,1,Toronto Maple Leafs,3,,,02:20,,2021-01-18,,,,,,,,,,,0.0,
18/1/2021,Carolina Hurricanes,4,Nashville Predators,2,,,02:22,,2021-01-18,,,,,,,,,,,0.0,
18/1/2021,Montreal Canadiens,3,Edmonton Oilers,1,,,02:26,,2021-01-18,,,,,,,,,,,0.0,
18/1/2021,Vancouver Canucks,2,Calgary Flames,5,,,02:21,,2021-01-18,,,,,,,,,,,0.0,
18/1/2021,Columbus Blue Jackets,3,Detroit Red Wings,2,,,02:37,,2021-01-18,,,,,,,,,,,0.0,
18/1/2021,Minnesota Wild,0,Anaheim Ducks,1,,,02:28,,2021-01-18,,,,,,,,,,,0.0,
18/1/2021,Boston Bruins,0,New York Islanders,1,,,02:26,at Nassau Veterans Memorial Coliseum (Uniondale NY),2021-01-18,,,,,,,,,,,0.0,
19/1/2021,Washington Capitals,4,Pittsburgh Penguins,5,OT,,02:34,,2021-01-19,,,,,,,,,,,0.0,
19/1/2021,Winnipeg Jets,4,Ottawa Senators,3,OT,,02:29,,2021-01-19,,,,,,,,,,,0.0,
19/1/2021,Buffalo Sabres,0,Philadelphia Flyers,3,,,02:29,,2021-01-19,,,,,,,,,,,0.0,
19/1/2021,Colorado Avalanche,3,Los Angeles Kings,2,,,02:27,,2021-01-19,,,,,,,,,,,0.0,
19/1/2021,Chicago Blackhawks,4,Florida Panthers,5,OT,3667.0,02:34,,2021-01-19,,,,,,,,,,,0.0,
19/1/2021,Columbus Blue Jackets,2,Detroit Red Wings,3,OT,,02:21,,2021-01-19,,,,,,,,,,,0.0,
2/3/2021,Carolina Hurricanes,4,Nashville Predators,2,,,02:27,,2021-01-19,Jan.,19.0,Predators,Hurricanes,March,2.0,1.0,3.0,2021-01-19,https://www.sportsnet.ca/nhl/article/nhl-covid-19-schedule-changes-every-postponed-game-2020-21/,1.0,42.0
19/1/2021,New Jersey Devils,4,New York Rangers,3,,,02:30,,2021-01-19,,,,,,,,,,,0.0,
20/1/2021,Minnesota Wild,3,Anaheim Ducks,2,,,02:33,,2021-01-20,,,,,,,,,,,0.0,
20/1/2021,San Jose Sharks,2,St. Louis Blues,1,SO,,02:36,,2021-01-20,,,,,,,,,,,0.0,
20/1/2021,Edmonton Oilers,3,Toronto Maple Leafs,1,,,02:17,,2021-01-20,,,,,,,,,,,0.0,
20/1/2021,Montreal Canadiens,5,Vancouver Canucks,6,SO,,02:31,,2021-01-20,,,,,,,,,,,0.0,
20/1/2021,Arizona Coyotes,2,Vegas Golden Knights,5,,,02:24,,2021-01-20,,,,,,,,,,,0.0,
21/1/2021,Winnipeg Jets,4,Ottawa Senators,1,,,02:25,,2021-01-21,,,,,,,,,,,0.0,
21/1/2021,Montreal Canadiens,7,Vancouver Canucks,3,,,02:31,,2021-01-21,,,,,,,,,,,0.0,
21/1/2021,Colorado Avalanche,2,Los Angeles Kings,4,,,02:25,,2021-01-21,,,,,,,,,,,0.0,
21/1/2021,Philadelphia Flyers,4,Boston Bruins,5,SO,,02:46,,2021-01-21,,,,,,,,,,,0.0,
21/1/2021,Tampa Bay Lightning,3,Columbus Blue Jackets,2,OT,,02:29,,2021-01-21,,,,,,,,,,,0.0,
21/1/2021,New Jersey Devils,1,New York Islanders,4,,,02:25,at Nassau Veterans Memorial Coliseum (Uniondale NY),2021-01-21,,,,,,,,,,,0.0,
17/2/2021,Florida Panthers,4,Carolina Hurricanes,3,OT,,02:33,,2021-01-21,Jan.,21.0,Hurricanes,Panthers,Feb.,17.0,1.0,2.0,2021-01-21,https://www.sportsnet.ca/nhl/article/nhl-covid-19-schedule-changes-every-postponed-game-2020-21/,1.0,27.0
22/1/2021,San Jose Sharks,1,Minnesota Wild,4,,,02:28,,2021-01-22,,,,,,,,,,,0.0,
22/1/2021,New York Rangers,3,Pittsburgh Penguins,4,SO,,02:27,,2021-01-22,,,,,,,,,,,0.0,
22/1/2021,Edmonton Oilers,2,Toronto Maple Leafs,4,,,02:21,,2021-01-22,,,,,,,,,,,0.0,
22/1/2021,Buffalo Sabres,3,Washington Capitals,4,SO,,02:39,,2021-01-22,,,,,,,,,,,0.0,
22/1/2021,Colorado Avalanche,3,Anaheim Ducks,2,OT,,02:35,,2021-01-22,,,,,,,,,,,0.0,
22/1/2021,Detroit Red Wings,1,Chicago Blackhawks,4,,,02:17,,2021-01-22,,,,,,,,,,,0.0,
22/1/2021,Vegas Golden Knights,2,Arizona Coyotes,5,,2712.0,02:21,,2021-01-22,,,,,,,,,,,0.0,
22/1/2021,Nashville Predators,0,Dallas Stars,7,,4214.0,02:32,,2021-01-22,,,,,,,,,,,0.0,
7/3/2021,Florida Panthers,2,Carolina Hurricanes,4,,2924.0,02:49,,2021-01-23,Jan.,23.0,Hurricanes,Panthers,March,7.0,1.0,3.0,2021-01-23,https://www.sportsnet.ca/nhl/article/nhl-covid-19-schedule-changes-every-postponed-game-2020-21/,1.0,43.0
23/1/2021,Ottawa Senators,3,Winnipeg Jets,6,,,02:27,,2021-01-23,,,,,,,,,,,0.0,
23/1/2021,Los Angeles Kings,2,St. Louis Blues,4,,,02:27,,2021-01-23,,,,,,,,,,,0.0,
23/1/2021,Philadelphia Flyers,1,Boston Bruins,6,,,02:26,,2021-01-23,,,,,,,,,,,0.0,
23/1/2021,Montreal Canadiens,5,Vancouver Canucks,2,,,02:29,,2021-01-23,,,,,,,,,,,0.0,
23/1/2021,Tampa Bay Lightning,2,Columbus Blue Jackets,5,,,02:26,,2021-01-23,,,,,,,,,,,0.0,
24/1/2021,Los Angeles Kings,6,St. Louis Blues,3,,,02:28,,2021-01-24,,,,,,,,,,,0.0,
24/1/2021,Buffalo Sabres,4,Washington Capitals,3,SO,,02:44,,2021-01-24,,,,,,,,,,,0.0,
24/1/2021,Edmonton Oilers,4,Winnipeg Jets,3,,,02:27,,2021-01-24,,,,,,,,,,,0.0,
24/1/2021,New York Rangers,2,Pittsburgh Penguins,3,,,02:25,,2021-01-24,,,,,,,,,,,0.0,
24/1/2021,San Jose Sharks,5,Minnesota Wild,3,,,02:36,,2021-01-24,,,,,,,,,,,0.0,
24/1/2021,Nashville Predators,2,Dallas Stars,3,,4056.0,02:28,,2021-01-24,,,,,,,,,,,0.0,
24/1/2021,Colorado Avalanche,1,Anaheim Ducks,3,,,02:19,,2021-01-24,,,,,,,,,,,0.0,
24/1/2021,Vegas Golden Knights,1,Arizona Coyotes,0,,2672.0,02:17,,2021-01-24,,,,,,,,,,,0.0,
24/1/2021,New York Islanders,0,New Jersey Devils,2,,,02:24,,2021-01-24,,,,,,,,,,,0.0,
24/1/2021,Toronto Maple Leafs,3,Calgary Flames,2,,,02:22,,2021-01-24,,,,,,,,,,,0.0,
24/1/2021,Detroit Red Wings,2,Chicago Blackhawks,6,,,02:11,,2021-01-24,,,,,,,,,,,0.0,
25/1/2021,Ottawa Senators,1,Vancouver Canucks,7,,,02:30,,2021-01-25,,,,,,,,,,,0.0,
22/2/2021,Tampa Bay Lightning,4,Carolina Hurricanes,2,,,02:33,,2021-01-26,Jan.,26.0,Hurricanes,Lightning,Feb.,22.0,1.0,2.0,2021-01-26,https://www.sportsnet.ca/nhl/article/nhl-covid-19-schedule-changes-every-postponed-game-2020-21/,1.0,27.0
26/1/2021,New York Islanders,2,Washington Capitals,3,,,02:25,,2021-01-26,,,,,,,,,,,0.0,
26/1/2021,Edmonton Oilers,4,Winnipeg Jets,6,,,02:21,,2021-01-26,,,,,,,,,,,0.0,
26/1/2021,Chicago Blackhawks,2,Nashville Predators,3,OT,,02:28,,2021-01-26,,,,,,,,,,,0.0,
26/1/2021,St. Louis Blues,5,Vegas Golden Knights,4,SO,,02:41,,2021-01-26,,,,,,,,,,,0.0,
26/1/2021,Los Angeles Kings,2,Minnesota Wild,1,,,02:22,,2021-01-26,,,,,,,,,,,0.0,
26/1/2021,Detroit Red Wings,1,Dallas Stars,2,OT,4109.0,02:26,,2021-01-26,,,,,,,,,,,0.0,
26/1/2021,San Jose Sharks,3,Colorado Avalanche,7,,,02:32,,2021-01-26,,,,,,,,,,,0.0,
26/1/2021,Toronto Maple Leafs,4,Calgary Flames,3,,,02:24,,2021-01-26,,,,,,,,,,,0.0,
26/1/2021,Florida Panthers,4,Columbus Blue Jackets,3,SO,,02:29,,2021-01-26,,,,,,,,,,,0.0,
26/1/2021,New York Rangers,2,Buffalo Sabres,3,,,02:22,,2021-01-26,,,,,,,,,,,0.0,
26/1/2021,Pittsburgh Penguins,2,Boston Bruins,3,OT,,02:40,,2021-01-26,,,,,,,,,,,0.0,
26/1/2021,Anaheim Ducks,1,Arizona Coyotes,0,,1808.0,02:25,,2021-01-26,,,,,,,,,,,0.0,
26/1/2021,Philadelphia Flyers,5,New Jersey Devils,3,,,02:24,,2021-01-26,,,,,,,,,,,0.0,
27/1/2021,Chicago Blackhawks,1,Nashville Predators,2,SO,,02:24,,2021-01-27,,,,,,,,,,,0.0,
27/1/2021,Ottawa Senators,1,Vancouver Canucks,5,,,02:22,,2021-01-27,,,,,,,,,,,0.0,
28/1/2021,Ottawa Senators,1,Vancouver Canucks,4,,,02:20,,2021-01-28,,,,,,,,,,,0.0,
22/3/2021,St. Louis Blues,1,Vegas Golden Knights,5,,3750.0,02:22,,2021-01-28,Jan.,28.0,Golden Knights,Blues,March,22.0,1.0,3.0,2021-01-28,https://www.sportsnet.ca/nhl/article/nhl-covid-19-schedule-changes-every-postponed-game-2020-21/,1.0,53.0
28/1/2021,New York Islanders,3,Washington Capitals,6,,,02:28,,2021-01-28,,,,,,,,,,,0.0,
28/1/2021,Philadelphia Flyers,3,New Jersey Devils,1,,,02:19,,2021-01-28,,,,,,,,,,,0.0,
28/1/2021,New York Rangers,3,Buffalo Sabres,2,OT,,02:28,,2021-01-28,,,,,,,,,,,0.0,
28/1/2021,Los Angeles Kings,3,Minnesota Wild,5,,,02:32,,2021-01-28,,,,,,,,,,,0.0,
28/1/2021,Toronto Maple Leafs,4,Edmonton Oilers,3,,,02:22,,2021-01-28,,,,,,,,,,,0.0,
28/1/2021,Detroit Red Wings,3,Dallas Stars,7,,4214.0,02:27,,2021-01-28,,,,,,,,,,,0.0,
28/1/2021,San Jose Sharks,0,Colorado Avalanche,3,,,02:25,,2021-01-28,,,,,,,,,,,0.0,
28/1/2021,Florida Panthers,2,Columbus Blue Jackets,3,SO,,02:30,,2021-01-28,,,,,,,,,,,0.0,
28/1/2021,Tampa Bay Lightning,0,Carolina Hurricanes,1,OT,,02:23,,2021-01-28,,,,,,,,,,,0.0,
28/1/2021,Pittsburgh Penguins,1,Boston Bruins,4,,,02:15,,2021-01-28,,,,,,,,,,,0.0,
28/1/2021,Anaheim Ducks,2,Arizona Coyotes,3,,2252.0,02:25,,2021-01-28,,,,,,,,,,,0.0,
28/1/2021,Calgary Flames,2,Montreal Canadiens,4,,,02:27,,2021-01-28,,,,,,,,,,,0.0,
29/1/2021,Columbus Blue Jackets,2,Chicago Blackhawks,1,,,02:16,,2021-01-29,,,,,,,,,,,0.0,
30/1/2021,Boston Bruins,3,Washington Capitals,4,OT,,02:28,,2021-01-30,,,,,,,,,,,0.0,
30/1/2021,Vancouver Canucks,4,Winnipeg Jets,1,,,02:22,,2021-01-30,,,,,,,,,,,0.0,
30/1/2021,Pittsburgh Penguins,5,New York Rangers,4,OT,,02:27,,2021-01-30,,,,,,,,,,,0.0,
30/1/2021,New York Islanders,2,Philadelphia Flyers,3,OT,,02:19,,2021-01-30,,,,,,,,,,,0.0,
30/1/2021,Toronto Maple Leafs,3,Edmonton Oilers,4,OT,,02:31,,2021-01-30,,,,,,,,,,,0.0,
30/1/2021,Florida Panthers,3,Detroit Red Wings,2,OT,,02:30,,2021-01-30,,,,,,,,,,,0.0,
30/1/2021,Dallas Stars,1,Carolina Hurricanes,4,,,02:33,,2021-01-30,,,,,,,,,,,0.0,
30/1/2021,New Jersey Devils,3,Buffalo Sabres,4,SO,,02:39,,2021-01-30,,,,,,,,,,,0.0,
30/1/2021,St. Louis Blues,6,Anaheim Ducks,1,,,02:19,,2021-01-30,,,,,,,,,,,0.0,
30/1/2021,Colorado Avalanche,5,Minnesota Wild,1,,,02:31,,2021-01-30,,,,,,,,,,,0.0,
30/1/2021,Nashville Predators,3,Tampa Bay Lightning,4,,,02:35,,2021-01-30,,,,,,,,,,,0.0,
30/1/2021,Calgary Flames,2,Montreal Canadiens,0,,,02:31,,2021-01-30,,,,,,,,,,,0.0,
31/1/2021,Florida Panthers,3,Detroit Red Wings,2,,,02:29,,2021-01-31,,,,,,,,,,,0.0,
31/1/2021,New York Islanders,3,Philadelphia Flyers,4,OT,,02:25,,2021-01-31,,,,,,,,,,,0.0,
31/1/2021,Columbus Blue Jackets,1,Chicago Blackhawks,3,,,02:15,,2021-01-31,,,,,,,,,,,0.0,
31/1/2021,Dallas Stars,3,Carolina Hurricanes,4,SO,,02:42,,2021-01-31,,,,,,,,,,,0.0,
31/1/2021,New Jersey Devils,5,Buffalo Sabres,3,,,02:24,,2021-01-31,,,,,,,,,,,0.0,
31/1/2021,St. Louis Blues,4,Anaheim Ducks,1,,,02:23,,2021-01-31,,,,,,,,,,,0.0,
31/1/2021,Ottawa Senators,5,Edmonton Oilers,8,,,02:33,,2021-01-31,,,,,,,,,,,0.0,
31/1/2021,Colorado Avalanche,3,Minnesota Wild,4,OT,,02:31,,2021-01-31,,,,,,,,,,,0.0,
13/2/2021,Vegas Golden Knights,3,San Jose Sharks,1,,,02:27,,2021-02-01,Feb.,1.0,Sharks,Golden Knights,Feb.,13.0,2.0,2.0,2021-02-01,https://www.sportsnet.ca/nhl/article/nhl-covid-19-schedule-changes-every-postponed-game-2020-21/,1.0,12.0
1/2/2021,Vancouver Canucks,2,Montreal Canadiens,6,,,02:20,,2021-02-01,,,,,,,,,,,0.0,
1/2/2021,Pittsburgh Penguins,1,New York Rangers,3,,,02:20,,2021-02-01,,,,,,,,,,,0.0,
1/2/2021,Nashville Predators,2,Tampa Bay Lightning,5,,,02:25,,2021-02-01,,,,,,,,,,,0.0,
1/2/2021,Calgary Flames,4,Winnipeg Jets,3,SO,,02:18,,2021-02-01,,,,,,,,,,,0.0,
1/2/2021,Boston Bruins,5,Washington Capitals,3,,,02:27,,2021-02-01,,,,,,,,,,,0.0,
2/2/2021,Carolina Hurricanes,4,Chicago Blackhawks,3,SO,,02:34,,2021-02-02,,,,,,,,,,,0.0,
22/2/2021,Buffalo Sabres,2,New York Islanders,3,,,02:23,at Nassau Veterans Memorial Coliseum (Uniondale NY),2021-02-02,Feb.,2.0,Islanders,Sabres,Feb.,22.0,2.0,2.0,2021-02-02,https://www.sportsnet.ca/nhl/article/nhl-covid-19-schedule-changes-every-postponed-game-2020-21/,1.0,20.0
21/3/2021,New Jersey Devils,2,Pittsburgh Penguins,1,OT,2800.0,02:21,,2021-02-02,Feb.,2.0,Penguins,Devils,March,21.0,2.0,3.0,2021-02-02,https://www.sportsnet.ca/nhl/article/nhl-covid-19-schedule-changes-every-postponed-game-2020-21/,1.0,47.0
2/2/2021,Minnesota Wild,1,Colorado Avalanche,2,,,02:29,,2021-02-02,,,,,,,,,,,0.0,
2/2/2021,Ottawa Senators,2,Edmonton Oilers,4,,,02:26,,2021-02-02,,,,,,,,,,,0.0,
2/2/2021,Calgary Flames,2,Winnipeg Jets,3,,,02:17,,2021-02-02,,,,,,,,,,,0.0,
2/2/2021,Arizona Coyotes,3,St. Louis Blues,4,,,02:30,,2021-02-02,,,,,,,,,,,0.0,
2/2/2021,Vancouver Canucks,3,Montreal Canadiens,5,,,02:28,,2021-02-02,,,,,,,,,,,0.0,
2/2/2021,Anaheim Ducks,3,Los Angeles Kings,1,,,02:19,,2021-02-02,,,,,,,,,,,0.0,
2/2/2021,Dallas Stars,6,Columbus Blue Jackets,3,,,02:21,,2021-02-02,,,,,,,,,,,0.0,
3/2/2021,Detroit Red Wings,1,Tampa Bay Lightning,5,,,02:18,,2021-02-03,,,,,,,,,,,0.0,
3/2/2021,Boston Bruins,4,Philadelphia Flyers,3,OT,,02:27,,2021-02-03,,,,,,,,,,,0.0,
20/4/2021,New Jersey Devils,6,Pittsburgh Penguins,7,,4672.0,02:31,,2021-02-04,Feb.,4.0,Penguins,Devils,April,20.0,2.0,4.0,2021-02-04,https://www.sportsnet.ca/nhl/article/nhl-covid-19-schedule-changes-every-postponed-game-2020-21/,1.0,75.0
24/2/2021,Minnesota Wild,6,Colorado Avalanche,2,,,02:26,,2021-02-04,Feb.,4.0,Avalanche,Wild,Feb.,24.0,2.0,2.0,2021-02-04,https://www.sportsnet.ca/nhl/article/nhl-covid-19-schedule-changes-every-postponed-game-2020-21/,1.0,20.0
4/3/2021,Buffalo Sabres,2,New York Islanders,5,,,02:17,at Nassau Veterans Memorial Coliseum (Uniondale NY),2021-02-04,Feb.,4.0,Islanders,Sabres,March,4.0,2.0,3.0,2021-02-04,https://www.sportsnet.ca/nhl/article/nhl-covid-19-schedule-changes-every-postponed-game-2020-21/,1.0,28.0
4/2/2021,Carolina Hurricanes,4,Chicago Blackhawks,6,,,02:32,,2021-02-04,,,,,,,,,,,0.0,
4/2/2021,Calgary Flames,1,Winnipeg Jets,4,,,02:17,,2021-02-04,,,,,,,,,,,0.0,
4/2/2021,Dallas Stars,3,Columbus Blue Jackets,4,,,02:24,,2021-02-04,,,,,,,,,,,0.0,
4/2/2021,Nashville Predators,6,Florida Panthers,5,OT,3698.0,02:39,,2021-02-04,,,,,,,,,,,0.0,
4/2/2021,Ottawa Senators,3,Montreal Canadiens,2,,,02:26,,2021-02-04,,,,,,,,,,,0.0,
4/2/2021,Washington Capitals,2,New York Rangers,4,,,02:27,,2021-02-04,,,,,,,,,,,0.0,
4/2/2021,Arizona Coyotes,4,St. Louis Blues,3,,,02:22,,2021-02-04,,,,,,,,,,,0.0,
4/2/2021,Vancouver Canucks,3,Toronto Maple Leafs,7,,,02:25,,2021-02-04,,,,,,,,,,,0.0,
5/2/2021,Detroit Red Wings,1,Tampa Bay Lightning,3,,,02:21,,2021-02-05,,,,,,,,,,,0.0,
5/2/2021,Boston Bruins,2,Philadelphia Flyers,1,,,02:30,,2021-02-05,,,,,,,,,,,0.0,
5/2/2021,San Jose Sharks,5,Anaheim Ducks,4,SO,,02:41,,2021-02-05,,,,,,,,,,,0.0,
5/2/2021,Los Angeles Kings,2,Vegas Golden Knights,5,,,02:31,,2021-02-05,,,,,,,,,,,0.0,
5/2/2021,Nashville Predators,1,Florida Panthers,2,,,02:33,,2021-02-05,,,,,,,,,,,0.0,
16/3/2021,Arizona Coyotes,0,Minnesota Wild,3,,,02:23,,2021-02-06,Feb.,6.0,Wild,Coyotes,March,16.0,2.0,3.0,2021-02-06,https://www.sportsnet.ca/nhl/article/nhl-covid-19-schedule-changes-every-postponed-game-2020-21/,1.0,38.0
6/2/2021,Pittsburgh Penguins,3,New York Islanders,4,,,02:15,at Nassau Veterans Memorial Coliseum (Uniondale NY),2021-02-06,,,,,,,,,,,0.0,
6/2/2021,Montreal Canadiens,2,Ottawa Senators,1,,,02:28,,2021-02-06,,,,,,,,,,,0.0,
6/2/2021,San Jose Sharks,1,Anaheim Ducks,2,SO,,02:36,,2021-02-06,,,,,,,,,,,0.0,
4/3/2021,New York Rangers,6,New Jersey Devils,1,,,02:27,,2021-02-06,Feb.,6.0,Devils,Rangers,March,4.0,2.0,3.0,2021-02-06,https://www.sportsnet.ca/nhl/article/nhl-covid-19-schedule-changes-every-postponed-game-2020-21/,1.0,26.0
6/2/2021,Arizona Coyotes,3,St. Louis Blues,1,,,02:21,,2021-02-06,,,,,,,,,,,0.0,
6/2/2021,Vancouver Canucks,1,Toronto Maple Leafs,5,,,02:25,,2021-02-06,,,,,,,,,,,0.0,
6/2/2021,Edmonton Oilers,4,Calgary Flames,6,,,02:33,,2021-02-06,,,,,,,,,,,0.0,
27/3/2021,Buffalo Sabres,2,Boston Bruins,3,,2191.0,02:28,,2021-02-06,Feb.,6.0,Bruins,Sabres,March,27.0,2.0,3.0,2021-02-06,https://www.sportsnet.ca/nhl/article/nhl-covid-19-schedule-changes-every-postponed-game-2020-21/,1.0,49.0
14/4/2021,Colorado Avalanche,4,St. Louis Blues,3,,,02:33,,2021-02-06,Feb.,6.0,Blues,Avalanche,April,14.0,2.0,4.0,2021-02-06,https://www.sportsnet.ca/nhl/article/nhl-covid-19-schedule-changes-every-postponed-game-2020-21/,1.0,67.0
7/2/2021,Chicago Blackhawks,2,Dallas Stars,1,OT,4203.0,02:29,,2021-02-07,,,,,,,,,,,0.0,
7/2/2021,Detroit Red Wings,4,Florida Panthers,1,,3706.0,02:26,,2021-02-07,,,,,,,,,,,0.0,
7/2/2021,Los Angeles Kings,3,Vegas Golden Knights,4,,,02:21,,2021-02-07,,,,,,,,,,,0.0,
14/4/2021,Arizona Coyotes,2,Minnesota Wild,5,,3000.0,02:18,,2021-02-07,Feb.,7.0,Wild,Coyotes,April,14.0,2.0,4.0,2021-02-07,https://www.sportsnet.ca/nhl/article/nhl-covid-19-schedule-changes-every-postponed-game-2020-21/,1.0,66.0
7/2/2021,Carolina Hurricanes,6,Columbus Blue Jackets,5,,,02:33,,2021-02-07,,,,,,,,,,,0.0,
7/2/2021,Philadelphia Flyers,7,Washington Capitals,4,,,02:18,,2021-02-07,,,,,,,,,,,0.0,
13/4/2021,Buffalo Sabres,2,Boston Bruins,3,SO,2191.0,02:45,,2021-02-08,Feb.,8.0,Bruins,Sabres,April,13.0,2.0,4.0,2021-02-08,https://www.sportsnet.ca/nhl/article/nhl-covid-19-schedule-changes-every-postponed-game-2020-21/,1.0,64.0
8/2/2021,New York Islanders,2,New York Rangers,0,,,02:16,,2021-02-08,,,,,,,,,,,0.0,
8/2/2021,Carolina Hurricanes,2,Columbus Blue Jackets,3,,,02:29,,2021-02-08,,,,,,,,,,,0.0,
8/2/2021,Edmonton Oilers,3,Ottawa Senators,1,,,02:25,,2021-02-08,,,,,,,,,,,0.0,
8/2/2021,Arizona Coyotes,4,St. Louis Blues,3,SO,,02:42,,2021-02-08,,,,,,,,,,,0.0,
8/2/2021,Vancouver Canucks,1,Toronto Maple Leafs,3,,,02:18,,2021-02-08,,,,,,,,,,,0.0,
8/2/2021,Tampa Bay Lightning,4,Nashville Predators,1,,,02:28,,2021-02-08,,,,,,,,,,,0.0,
9/2/2021,Tampa Bay Lightning,6,Nashville Predators,1,,,02:33,,2021-02-09,,,,,,,,,,,0.0,
9/2/2021,Winnipeg Jets,2,Calgary Flames,3,,,02:22,,2021-02-09,,,,,,,,,,,0.0,
9/2/2021,Chicago Blackhawks,2,Dallas Stars,1,OT,4059.0,02:22,,2021-02-09,,,,,,,,,,,0.0,
9/2/2021,Detroit Red Wings,1,Florida Panthers,2,,3477.0,02:14,,2021-02-09,,,,,,,,,,,0.0,
18/3/2021,Pittsburgh Penguins,2,New Jersey Devils,3,,1800.0,02:33,,2021-02-09,Feb.,9.0,Devils,Penguins,March,18.0,2.0,3.0,2021-02-09,https://www.sportsnet.ca/nhl/article/nhl-covid-19-schedule-changes-every-postponed-game-2020-21/,1.0,37.0
9/2/2021,San Jose Sharks,4,Los Angeles Kings,3,SO,,02:30,,2021-02-09,,,,,,,,,,,0.0,
9/2/2021,Anaheim Ducks,4,Vegas Golden Knights,5,,,02:23,,2021-02-09,,,,,,,,,,,0.0,
9/2/2021,Edmonton Oilers,3,Ottawa Senators,2,,,02:26,,2021-02-09,,,,,,,,,,,0.0,
13/4/2021,Philadelphia Flyers,1,Washington Capitals,6,,,02:26,,2021-02-09,Feb.,9.0,Capitals,Flyers,April,13.0,2.0,4.0,2021-02-09,https://www.sportsnet.ca/nhl/article/nhl-covid-19-schedule-changes-every-postponed-game-2020-21/,1.0,63.0
10/2/2021,Boston Bruins,3,New York Rangers,2,OT,,02:32,,2021-02-10,,,,,,,,,,,0.0,
10/2/2021,Toronto Maple Leafs,4,Montreal Canadiens,2,,,02:23,,2021-02-10,,,,,,,,,,,0.0,
11/2/2021,Columbus Blue Jackets,6,Chicago Blackhawks,5,,,02:19,,2021-02-11,,,,,,,,,,,0.0,
12/4/2021,Arizona Coyotes,2,Colorado Avalanche,4,,4042.0,02:42,,2021-02-11,Feb.,11.0,Avalanche,Coyotes,April,12.0,2.0,4.0,2021-02-11,https://www.sportsnet.ca/nhl/article/nhl-covid-19-schedule-changes-every-postponed-game-2020-21/,1.0,60.0
25/3/2021,St. Louis Blues,0,Minnesota Wild,2,,,02:21,,2021-02-11,Feb.,11.0,Wild,Blues,March,25.0,2.0,3.0,2021-02-11,https://www.sportsnet.ca/nhl/article/nhl-covid-19-schedule-changes-every-postponed-game-2020-21/,1.0,42.0
15/3/2021,Washington Capitals,6,Buffalo Sabres,0,,,02:18,,2021-02-11,Feb.,11.0,Sabres,Capitals,March,15.0,2.0,3.0,2021-02-11,https://www.sportsnet.ca/nhl/article/nhl-covid-19-schedule-changes-every-postponed-game-2020-21/,1.0,32.0
11/2/2021,San Jose Sharks,2,Los Angeles Kings,6,,,02:24,,2021-02-11,,,,,,,,,,,0.0,
11/2/2021,Edmonton Oilers,3,Montreal Canadiens,0,,,02:21,,2021-02-11,,,,,,,,,,,0.0,
25/4/2021,New Jersey Devils,3,Philadelphia Flyers,4,SO,3651.0,02:42,,2021-02-11,Feb.,11.0,Flyers,Devils,April,25.0,2.0,4.0,2021-02-11,https://www.sportsnet.ca/nhl/article/nhl-covid-19-schedule-changes-every-postponed-game-2020-21/,1.0,73.0
11/2/2021,Detroit Red Wings,2,Nashville Predators,3,,,02:22,,2021-02-11,,,,,,,,,,,0.0,
11/2/2021,Pittsburgh Penguins,4,New York Islanders,3,SO,,02:40,at Nassau Veterans Memorial Coliseum (Uniondale NY),2021-02-11,,,,,,,,,,,0.0,
11/2/2021,Tampa Bay Lightning,2,Florida Panthers,5,,3808.0,02:21,,2021-02-11,,,,,,,,,,,0.0,
11/2/2021,Calgary Flames,3,Vancouver Canucks,1,,,02:26,,2021-02-11,,,,,,,,,,,0.0,
11/2/2021,Anaheim Ducks,1,Vegas Golden Knights,0,,,02:11,,2021-02-11,,,,,,,,,,,0.0,
11/2/2021,Ottawa Senators,1,Winnipeg Jets,5,,,02:16,,2021-02-11,,,,,,,,,,,0.0,
11/2/2021,Carolina Hurricanes,5,Dallas Stars,3,,3687.0,02:41,,2021-02-11,,,,,,,,,,,0.0,
12/2/2021,St. Louis Blues,4,Arizona Coyotes,1,,2457.0,02:29,,2021-02-12,,,,,,,,,,,0.0,
12/2/2021,Boston Bruins,1,New York Rangers,0,,,02:30,,2021-02-12,,,,,,,,,,,0.0,
10/5/2021,New Jersey Devils,2,Philadelphia Flyers,4,,3882.0,02:18,,2021-02-13,Feb.,13.0,Flyers,Devils,May,10.0,2.0,5.0,2021-02-13,https://www.sportsnet.ca/nhl/article/nhl-covid-19-schedule-changes-every-postponed-game-2020-21/,1.0,86.0
23/4/2021,Minnesota Wild,4,Los Angeles Kings,2,,1091.0,02:21,,2021-02-13,Feb.,13.0,Kings,Wild,April,23.0,2.0,4.0,2021-02-13,https://www.sportsnet.ca/nhl/article/nhl-covid-19-schedule-changes-every-postponed-game-2020-21/,1.0,69.0
13/2/2021,Ottawa Senators,2,Winnipeg Jets,1,,,02:17,,2021-02-13,,,,,,,,,,,0.0,
13/2/2021,Carolina Hurricanes,4,Dallas Stars,3,SO,4071.0,02:43,,2021-02-13,,,,,,,,,,,0.0,
13/2/2021,Tampa Bay Lightning,6,Florida Panthers,1,,4509.0,02:32,,2021-02-13,,,,,,,,,,,0.0,
13/2/2021,Detroit Red Wings,4,Nashville Predators,2,,,02:20,,2021-02-13,,,,,,,,,,,0.0,
13/2/2021,Boston Bruins,2,New York Islanders,4,,,02:30,at Nassau Veterans Memorial Coliseum (Uniondale NY),2021-02-13,,,,,,,,,,,0.0,
13/2/2021,Montreal Canadiens,2,Toronto Maple Leafs,1,,,02:12,,2021-02-13,,,,,,,,,,,0.0,
9/4/2021,Washington Capitals,4,Buffalo Sabres,3,,,02:31,,2021-02-13,Feb.,13.0,Sabres,Capitals,April,9.0,2.0,4.0,2021-02-13,https://www.sportsnet.ca/nhl/article/nhl-covid-19-schedule-changes-every-postponed-game-2020-21/,1.0,55.0
13/2/2021,Calgary Flames,1,Vancouver Canucks,3,,,02:25,,2021-02-13,,,,,,,,,,,0.0,
13/2/2021,Columbus Blue Jackets,2,Chicago Blackhawks,3,OT,,02:20,,2021-02-13,,,,,,,,,,,0.0,
13/2/2021,St. Louis Blues,5,Arizona Coyotes,4,OT,3237.0,02:34,,2021-02-13,,,,,,,,,,,0.0,
22/4/2021,Philadelphia Flyers,3,New York Rangers,2,,1800.0,02:30,,2021-02-14,Feb.,14.0,Rangers,Flyers,April,22.0,2.0,4.0,2021-02-14,https://www.sportsnet.ca/nhl/article/nhl-covid-19-schedule-changes-every-postponed-game-2020-21/,1.0,67.0
14/2/2021,Colorado Avalanche,0,Vegas Golden Knights,1,,,02:23,,2021-02-14,,,,,,,,,,,0.0,
14/2/2021,Washington Capitals,3,Pittsburgh Penguins,6,,,02:30,,2021-02-14,,,,,,,,,,,0.0,
7/3/2021,New Jersey Devils,1,Boston Bruins,0,,,02:25,,2021-02-15,Feb.,15.0,Bruins,Devils,March,7.0,2.0,3.0,2021-02-15,https://www.sportsnet.ca/nhl/article/nhl-covid-19-schedule-changes-every-postponed-game-2020-21/,1.0,20.0
15/2/2021,St. Louis Blues,0,Arizona Coyotes,1,,2554.0,02:21,,2021-02-15,,,,,,,,,,,0.0,
15/2/2021,New York Islanders,3,Buffalo Sabres,1,,,02:19,,2021-02-15,,,,,,,,,,,0.0,
15/2/2021,Columbus Blue Jackets,3,Carolina Hurricanes,7,,,02:37,,2021-02-15,,,,,,,,,,,0.0,
15/2/2021,Chicago Blackhawks,3,Detroit Red Wings,2,OT,,02:23,,2021-02-15,,,,,,,,,,,0.0,
15/2/2021,Winnipeg Jets,6,Edmonton Oilers,5,,,02:24,,2021-02-15,,,,,,,,,,,0.0,
15/2/2021,Anaheim Ducks,2,San Jose Sharks,3,,,02:23,,2021-02-15,,,,,,,,,,,0.0,
15/2/2021,Florida Panthers,6,Tampa Bay Lightning,4,,100.0,02:35,,2021-02-15,,,,,,,,,,,0.0,
7/3/2021,Nashville Predators,4,Dallas Stars,3,SO,3976.0,02:44,,2021-02-15,Feb.,15.0,Stars,Predators,March,7.0,2.0,3.0,2021-02-15,https://www.sportsnet.ca/nhl/article/nhl-covid-19-schedule-changes-every-postponed-game-2020-21/,1.0,20.0
15/2/2021,Ottawa Senators,6,Toronto Maple Leafs,5,OT,,02:40,,2021-02-15,,,,,,,,,,,0.0,
15/2/2021,Calgary Flames,4,Vancouver Canucks,3,OT,,02:32,,2021-02-15,,,,,,,,,,,0.0,
16/2/2021,New York Islanders,3,Buffalo Sabres,0,,,02:27,,2021-02-16,,,,,,,,,,,0.0,
16/2/2021,Minnesota Wild,0,Los Angeles Kings,4,,,02:31,,2021-02-16,,,,,,,,,,,0.0,
16/2/2021,Washington Capitals,3,Pittsburgh Penguins,1,,,02:22,,2021-02-16,,,,,,,,,,,0.0,
21/3/2021,Nashville Predators,4,Dallas Stars,3,SO,4011.0,02:48,,2021-02-16,Feb.,16.0,Stars,Predators,March,21.0,2.0,3.0,2021-02-16,https://www.sportsnet.ca/nhl/article/nhl-covid-19-schedule-changes-every-postponed-game-2020-21/,1.0,33.0
16/2/2021,Colorado Avalanche,3,Vegas Golden Knights,2,,,02:23,,2021-02-16,,,,,,,,,,,0.0,
17/2/2021,Vancouver Canucks,5,Calgary Flames,1,,,02:20,,2021-02-17,,,,,,,,,,,0.0,
17/2/2021,Chicago Blackhawks,2,Detroit Red Wings,0,,,02:12,,2021-02-17,,,,,,,,,,,0.0,
17/2/2021,Winnipeg Jets,2,Edmonton Oilers,3,,,02:25,,2021-02-17,,,,,,,,,,,0.0,
17/2/2021,Ottawa Senators,1,Toronto Maple Leafs,2,,,02:22,,2021-02-17,,,,,,,,,,,0.0,
18/2/2021,Los Angeles Kings,3,Arizona Coyotes,2,SO,2281.0,02:35,,2021-02-18,,,,,,,,,,,0.0,
2/3/2021,Tampa Bay Lightning,2,Dallas Stars,0,,4067.0,02:24,,2021-02-18,Feb.,18.0,Stars,Lightning,March,2.0,2.0,3.0,2021-02-18,https://www.sportsnet.ca/nhl/article/nhl-covid-19-schedule-changes-every-postponed-game-2020-21/,1.0,12.0
18/2/2021,Minnesota Wild,3,Anaheim Ducks,1,,,02:26,,2021-02-18,,,,,,,,,,,0.0,
18/2/2021,New Jersey Devils,3,Boston Bruins,2,,,02:28,,2021-02-18,,,,,,,,,,,0.0,
18/2/2021,Nashville Predators,0,Columbus Blue Jackets,3,,,02:23,,2021-02-18,,,,,,,,,,,0.0,
18/2/2021,New York Rangers,3,Philadelphia Flyers,2,SO,,02:41,,2021-02-18,,,,,,,,,,,0.0,
18/2/2021,New York Islanders,1,Pittsburgh Penguins,4,,,02:22,,2021-02-18,,,,,,,,,,,0.0,
18/2/2021,San Jose Sharks,2,St. Louis Blues,3,OT,,02:30,,2021-02-18,,,,,,,,,,,0.0,
18/2/2021,Ottawa Senators,3,Toronto Maple Leafs,7,,,02:23,,2021-02-18,,,,,,,,,,,0.0,
19/2/2021,Winnipeg Jets,2,Vancouver Canucks,0,,,02:21,,2021-02-19,,,,,,,,,,,0.0,
19/2/2021,Florida Panthers,7,Detroit Red Wings,2,,,02:30,,2021-02-19,,,,,,,,,,,0.0,
19/2/2021,Chicago Blackhawks,3,Carolina Hurricanes,5,,,02:24,,2021-02-19,,,,,,,,,,,0.0,
19/2/2021,Edmonton Oilers,2,Calgary Flames,1,,,02:12,,2021-02-19,,,,,,,,,,,0.0,
20/2/2021,Nashville Predators,4,Columbus Blue Jackets,2,,,02:31,,2021-02-20,,,,,,,,,,,0.0,
20/2/2021,Minnesota Wild,5,Anaheim Ducks,1,,,02:26,,2021-02-20,,,,,,,,,,,0.0,
20/2/2021,Los Angeles Kings,4,Arizona Coyotes,2,,3187.0,02:18,,2021-02-20,,,,,,,,,,,0.0,
20/2/2021,Tampa Bay Lightning,0,Carolina Hurricanes,4,,,02:20,,2021-02-20,,,,,,,,,,,0.0,
16/3/2021,Tampa Bay Lightning,4,Dallas Stars,3,SO,4057.0,02:43,,2021-02-20,Feb.,20.0,Stars,Lightning,March,16.0,2.0,3.0,2021-02-20,https://www.sportsnet.ca/nhl/article/nhl-covid-19-schedule-changes-every-postponed-game-2020-21/,1.0,24.0
20/2/2021,Vegas Golden Knights,2,Colorado Avalanche,3,,,00:35,NHL Outdoors at Lake Tahoe,2021-02-20,,,,,,,,,,,0.0,
6/5/2021,Chicago Blackhawks,2,Carolina Hurricanes,1,OT,4987.0,02:25,,2021-02-20,Feb.,20.0,Hurricanes,Blackhawks,May,6.0,2.0,5.0,2021-02-20,https://www.sportsnet.ca/nhl/article/nhl-covid-19-schedule-changes-every-postponed-game-2020-21/,1.0,75.0
20/2/2021,Calgary Flames,1,Edmonton Oilers,7,,,02:35,,2021-02-20,,,,,,,,,,,0.0,
20/2/2021,Toronto Maple Leafs,5,Montreal Canadiens,3,,,02:29,,2021-02-20,,,,,,,,,,,0.0,
20/2/2021,Buffalo Sabres,3,New Jersey Devils,2,,,02:21,,2021-02-20,,,,,,,,,,,0.0,
20/2/2021,New York Islanders,2,Pittsburgh Penguins,3,,,02:20,,2021-02-20,,,,,,,,,,,0.0,
20/2/2021,San Jose Sharks,5,St. Louis Blues,4,,,02:30,,2021-02-20,,,,,,,,,,,0.0,
20/2/2021,New York Rangers,4,Washington Capitals,1,,,02:25,,2021-02-20,,,,,,,,,,,0.0,
20/2/2021,Florida Panthers,1,Detroit Red Wings,2,,,02:28,,2021-02-20,,,,,,,,,,,0.0,
21/2/2021,Montreal Canadiens,2,Ottawa Senators,3,OT,,02:34,,2021-02-21,,,,,,,,,,,0.0,
21/2/2021,Philadelphia Flyers,3,Boston Bruins,7,,,02:28,NHL Outdoors at Lake Tahoe,2021-02-21,,,,,,,,,,,0.0,
21/2/2021,Winnipeg Jets,4,Vancouver Canucks,3,OT,,02:26,,2021-02-21,,,,,,,,,,,0.0,
20/3/2021,New York Rangers,3,Washington Capitals,1,,,02:28,,2021-02-21,Feb.,21.0,Capitals,Rangers,March,20.0,2.0,3.0,2021-02-21,https://www.sportsnet.ca/nhl/article/nhl-covid-19-schedule-changes-every-postponed-game-2020-21/,1.0,27.0
22/2/2021,Calgary Flames,3,Toronto Maple Leafs,0,,,02:22,,2021-02-22,,,,,,,,,,,0.0,
22/2/2021,Los Angeles Kings,3,St. Louis Blues,0,,,02:19,,2021-02-22,,,,,,,,,,,0.0,
22/2/2021,Anaheim Ducks,3,Arizona Coyotes,4,,2346.0,02:47,,2021-02-22,,,,,,,,,,,0.0,
22/2/2021,Vegas Golden Knights,3,Colorado Avalanche,0,,,02:18,,2021-02-22,,,,,,,,,,,0.0,
23/2/2021,Buffalo Sabres,4,New Jersey Devils,1,,,02:30,,2021-02-22,Feb.,22.0,Devils,Sabres,Feb.,23.0,2.0,2.0,2021-02-22,https://www.sportsnet.ca/nhl/article/nhl-covid-19-schedule-changes-every-postponed-game-2020-21/,1.0,1.0
23/2/2021,Edmonton Oilers,4,Vancouver Canucks,3,,,02:28,,2021-02-23,,,,,,,,,,,0.0,
23/2/2021,Nashville Predators,2,Detroit Red Wings,0,,,02:29,,2021-02-23,,,,,,,,,,,0.0,
23/2/2021,Chicago Blackhawks,6,Columbus Blue Jackets,5,SO,,02:39,,2021-02-23,,,,,,,,,,,0.0,
23/2/2021,Pittsburgh Penguins,3,Washington Capitals,2,OT,,02:30,,2021-02-23,,,,,,,,,,,0.0,
2/3/2021,New York Islanders,2,New Jersey Devils,1,,1800.0,02:27,,2021-02-23,Feb.,23.0,Devils,Islanders,March,2.0,2.0,3.0,2021-02-23,https://www.sportsnet.ca/nhl/article/nhl-covid-19-schedule-changes-every-postponed-game-2020-21/,1.0,7.0
23/2/2021,Montreal Canadiens,4,Ottawa Senators,5,SO,,02:44,,2021-02-23,,,,,,,,,,,0.0,
24/2/2021,New York Rangers,3,Philadelphia Flyers,4,,,02:27,,2021-02-24,,,,,,,,,,,0.0,
24/2/2021,Calgary Flames,1,Toronto Maple Leafs,2,OT,,02:24,,2021-02-24,,,,,,,,,,,0.0,
24/2/2021,Carolina Hurricanes,0,Tampa Bay Lightning,3,,500.0,02:18,,2021-02-24,,,,,,,,,,,0.0,
24/2/2021,Los Angeles Kings,2,St. Louis Blues,1,,,02:23,,2021-02-24,,,,,,,,,,,0.0,
24/2/2021,Dallas Stars,3,Florida Panthers,0,,3324.0,02:31,,2021-02-24,,,,,,,,,,,0.0,
24/2/2021,Anaheim Ducks,3,Arizona Coyotes,4,SO,2319.0,02:46,,2021-02-24,,,,,,,,,,,0.0,
25/2/2021,Pittsburgh Penguins,2,Washington Capitals,5,,,02:25,,2021-02-25,,,,,,,,,,,0.0,
25/2/2021,Montreal Canadiens,3,Winnipeg Jets,6,,,02:22,,2021-02-25,,,,,,,,,,,0.0,
25/2/2021,Edmonton Oilers,3,Vancouver Canucks,0,,,02:19,,2021-02-25,,,,,,,,,,,0.0,
25/2/2021,Carolina Hurricanes,1,Tampa Bay Lightning,3,,536.0,02:31,,2021-02-25,,,,,,,,,,,0.0,
25/2/2021,Calgary Flames,1,Ottawa Senators,6,,,02:19,,2021-02-25,,,,,,,,,,,0.0,
25/2/2021,Boston Bruins,2,New York Islanders,7,,,02:24,at Nassau Veterans Memorial Coliseum (Uniondale NY),2021-02-25,,,,,,,,,,,0.0,
25/2/2021,Dallas Stars,2,Florida Panthers,3,,3844.0,02:28,,2021-02-25,,,,,,,,,,,0.0,
25/2/2021,Nashville Predators,2,Detroit Red Wings,5,,,02:23,,2021-02-25,,,,,,,,,,,0.0,
25/2/2021,Chicago Blackhawks,2,Columbus Blue Jackets,0,,,02:14,,2021-02-25,,,,,,,,,,,0.0,
26/2/2021,Colorado Avalanche,3,Arizona Coyotes,2,,2495.0,02:28,,2021-02-25,Feb.,25.0,Coyotes,Avalanche,Feb.,26.0,2.0,2.0,2021-02-25,https://www.sportsnet.ca/nhl/article/nhl-covid-19-schedule-changes-every-postponed-game-2020-21/,1.0,1.0
27/2/2021,Philadelphia Flyers,3,Buffalo Sabres,0,,,02:23,,2021-02-26,Feb.,26.0,Sabres,Flyers,Feb.,27.0,2.0,2.0,2021-02-26,https://www.sportsnet.ca/nhl/article/nhl-covid-19-schedule-changes-every-postponed-game-2020-21/,1.0,1.0
26/2/2021,Los Angeles Kings,1,Minnesota Wild,3,,,02:22,,2021-02-26,,,,,,,,,,,0.0,
26/2/2021,Boston Bruins,2,New York Rangers,6,,1800.0,02:33,,2021-02-26,,,,,,,,,,,0.0,
27/2/2021,Vegas Golden Knights,3,Anaheim Ducks,2,OT,,02:33,,2021-02-27,,,,,,,,,,,0.0,
27/2/2021,Colorado Avalanche,6,Arizona Coyotes,2,,3224.0,02:23,,2021-02-27,,,,,,,,,,,0.0,
27/2/2021,Detroit Red Wings,5,Chicago Blackhawks,3,,,02:17,,2021-02-27,,,,,,,,,,,0.0,
27/2/2021,Columbus Blue Jackets,1,Nashville Predators,2,,,02:24,,2021-02-27,,,,,,,,,,,0.0,
27/2/2021,Toronto Maple Leafs,4,Edmonton Oilers,0,,,02:22,,2021-02-27,,,,,,,,,,,0.0,
27/2/2021,Pittsburgh Penguins,4,New York Islanders,3,OT,,02:30,at Nassau Veterans Memorial Coliseum (Uniondale NY),2021-02-27,,,,,,,,,,,0.0,
27/2/2021,Dallas Stars,0,Tampa Bay Lightning,5,,537.0,02:18,,2021-02-27,,,,,,,,,,,0.0,
27/2/2021,Washington Capitals,5,New Jersey Devils,2,,,02:27,,2021-02-27,,,,,,,,,,,0.0,
27/2/2021,Carolina Hurricanes,4,Florida Panthers,3,SO,4281.0,02:53,,2021-02-27,,,,,,,,,,,0.0,
27/2/2021,Calgary Flames,6,Ottawa Senators,3,,,02:32,,2021-02-27,,,,,,,,,,,0.0,
27/2/2021,St. Louis Blues,7,San Jose Sharks,6,,,02:34,,2021-02-27,,,,,,,,,,,0.0,
27/2/2021,Montreal Canadiens,1,Winnipeg Jets,2,OT,,02:27,,2021-02-27,,,,,,,,,,,0.0,
27/2/2021,Los Angeles Kings,3,Minnesota Wild,4,OT,,02:37,,2021-02-27,,,,,,,,,,,0.0,
28/2/2021,Pittsburgh Penguins,0,New York Islanders,2,,,02:22,at Nassau Veterans Memorial Coliseum (Uniondale NY),2021-02-28,,,,,,,,,,,0.0,
28/2/2021,Columbus Blue Jackets,1,Nashville Predators,3,,,02:25,,2021-02-28,,,,,,,,,,,0.0,
28/2/2021,Detroit Red Wings,2,Chicago Blackhawks,7,,,02:25,,2021-02-28,,,,,,,,,,,0.0,
28/2/2021,Boston Bruins,4,New York Rangers,1,,1800.0,02:24,,2021-02-28,,,,,,,,,,,0.0,
28/2/2021,Philadelphia Flyers,3,Buffalo Sabres,0,,,02:13,,2021-02-28,,,,,,,,,,,0.0,
28/2/2021,Washington Capitals,3,New Jersey Devils,2,,,02:25,,2021-03-01,March,1.0,Devils,Capitals,Feb.,28.0,3.0,2.0,2021-03-01,https://www.sportsnet.ca/nhl/article/nhl-covid-19-schedule-changes-every-postponed-game-2020-21/,1.0,-1.0
1/3/2021,Toronto Maple Leafs,3,Edmonton Oilers,0,,,02:23,,2021-03-01,,,,,,,,,,,0.0,
29/4/2021,Dallas Stars,0,Tampa Bay Lightning,3,,4200.0,02:16,,2021-03-01,March,1.0,Lightning,Stars,April,29.0,3.0,4.0,2021-03-01,https://www.sportsnet.ca/nhl/article/nhl-covid-19-schedule-changes-every-postponed-game-2020-21/,1.0,59.0
1/3/2021,Calgary Flames,1,Ottawa Senators,5,,,02:25,,2021-03-01,,,,,,,,,,,0.0,
1/3/2021,Colorado Avalanche,2,San Jose Sharks,6,,,02:22,,2021-03-01,,,,,,,,,,,0.0,
1/3/2021,Minnesota Wild,4,Vegas Golden Knights,5,OT,2605.0,02:31,,2021-03-01,,,,,,,,,,,0.0,
1/3/2021,Vancouver Canucks,4,Winnipeg Jets,0,,,02:20,,2021-03-01,,,,,,,,,,,0.0,
1/3/2021,Carolina Hurricanes,3,Florida Panthers,2,OT,3817.0,02:30,,2021-03-01,,,,,,,,,,,0.0,
1/3/2021,St. Louis Blues,5,Anaheim Ducks,4,,,02:29,,2021-03-01,,,,,,,,,,,0.0,
2/3/2021,Buffalo Sabres,2,New York Rangers,3,,1800.0,02:18,,2021-03-02,,,,,,,,,,,0.0,
2/3/2021,Philadelphia Flyers,2,Pittsburgh Penguins,5,,2800.0,02:27,,2021-03-02,,,,,,,,,,,0.0,
2/3/2021,Vancouver Canucks,2,Winnipeg Jets,5,,,02:17,,2021-03-02,,,,,,,,,,,0.0,
2/3/2021,Detroit Red Wings,1,Columbus Blue Jackets,4,,1953.0,02:23,,2021-03-02,,,,,,,,,,,0.0,
2/3/2021,Ottawa Senators,1,Montreal Canadiens,3,,,02:25,,2021-03-02,,,,,,,,,,,0.0,
3/3/2021,Minnesota Wild,1,Vegas Golden Knights,5,,2610.0,02:25,,2021-03-03,,,,,,,,,,,0.0,
3/3/2021,Colorado Avalanche,4,San Jose Sharks,0,,,02:25,,2021-03-03,,,,,,,,,,,0.0,
3/3/2021,Toronto Maple Leafs,6,Edmonton Oilers,1,,,02:22,,2021-03-03,,,,,,,,,,,0.0,
3/3/2021,Washington Capitals,2,Boston Bruins,1,SO,,02:48,,2021-03-03,,,,,,,,,,,0.0,
3/3/2021,St. Louis Blues,3,Anaheim Ducks,2,,,02:28,,2021-03-03,,,,,,,,,,,0.0,
16/2/2021,New Jersey Devils,5,New York Rangers,2,,,02:35,,2021-03-04,March,4.0,Rangers,Devils,Feb.,16.0,3.0,2.0,2021-03-04,https://www.sportsnet.ca/nhl/article/nhl-covid-19-schedule-changes-every-postponed-game-2020-21/,1.0,-16.0
4/3/2021,Philadelphia Flyers,4,Pittsburgh Penguins,3,,2800.0,02:25,,2021-03-04,,,,,,,,,,,0.0,
4/3/2021,Detroit Red Wings,2,Carolina Hurricanes,5,,2924.0,02:30,,2021-03-04,,,,,,,,,,,0.0,
4/3/2021,Ottawa Senators,3,Calgary Flames,7,,,02:27,,2021-03-04,,,,,,,,,,,0.0,
4/3/2021,Tampa Bay Lightning,3,Chicago Blackhawks,2,OT,,02:30,,2021-03-04,,,,,,,,,,,0.0,
4/3/2021,Columbus Blue Jackets,3,Dallas Stars,2,,4112.0,02:18,,2021-03-04,,,,,,,,,,,0.0,
4/3/2021,Winnipeg Jets,4,Montreal Canadiens,3,OT,,02:22,,2021-03-04,,,,,,,,,,,0.0,
4/3/2021,Florida Panthers,5,Nashville Predators,4,,,02:36,,2021-03-04,,,,,,,,,,,0.0,
4/3/2021,Toronto Maple Leafs,1,Vancouver Canucks,3,,,02:17,,2021-03-04,,,,,,,,,,,0.0,
5/3/2021,Anaheim Ducks,2,Colorado Avalanche,3,OT,,02:32,,2021-03-05,,,,,,,,,,,0.0,
6/3/2021,New York Rangers,6,New Jersey Devils,3,,1800.0,02:23,,2021-03-05,March,5.0,Devils,Rangers,March,6.0,3.0,3.0,2021-03-05,https://www.sportsnet.ca/nhl/article/nhl-covid-19-schedule-changes-every-postponed-game-2020-21/,1.0,1.0
5/3/2021,Minnesota Wild,5,Arizona Coyotes,1,,2541.0,02:30,,2021-03-05,,,,,,,,,,,0.0,
5/3/2021,Vegas Golden Knights,5,San Jose Sharks,4,OT,,02:32,,2021-03-05,,,,,,,,,,,0.0,
5/3/2021,St. Louis Blues,3,Los Angeles Kings,2,OT,,02:22,,2021-03-05,,,,,,,,,,,0.0,
6/3/2021,Buffalo Sabres,2,New York Islanders,5,,,02:16,at Nassau Veterans Memorial Coliseum (Uniondale NY),2021-03-05,March,5.0,Islanders,Sabres,March,6.0,3.0,3.0,2021-03-05,https://www.sportsnet.ca/nhl/article/nhl-covid-19-schedule-changes-every-postponed-game-2020-21/,1.0,1.0
5/3/2021,Tampa Bay Lightning,3,Chicago Blackhawks,4,SO,,02:37,,2021-03-05,,,,,,,,,,,0.0,
5/3/2021,Washington Capitals,1,Boston Bruins,5,,,03:01,,2021-03-05,,,,,,,,,,,0.0,
6/3/2021,Florida Panthers,6,Nashville Predators,2,,,02:30,,2021-03-06,,,,,,,,,,,0.0,
6/3/2021,Anaheim Ducks,5,Colorado Avalanche,4,OT,,02:39,,2021-03-06,,,,,,,,,,,0.0,
6/3/2021,Columbus Blue Jackets,0,Dallas Stars,5,,4203.0,02:25,,2021-03-06,,,,,,,,,,,0.0,
6/3/2021,Calgary Flames,2,Edmonton Oilers,3,,,02:24,,2021-03-06,,,,,,,,,,,0.0,
6/3/2021,Winnipeg Jets,1,Montreal Canadiens,7,,,02:18,,2021-03-06,,,,,,,,,,,0.0,
6/3/2021,Toronto Maple Leafs,2,Vancouver Canucks,4,,,02:30,,2021-03-06,,,,,,,,,,,0.0,
6/3/2021,Vegas Golden Knights,4,San Jose Sharks,0,,,02:15,,2021-03-06,,,,,,,,,,,0.0,
6/3/2021,Minnesota Wild,2,Arizona Coyotes,5,,3141.0,02:33,,2021-03-06,,,,,,,,,,,0.0,
6/3/2021,St. Louis Blues,3,Los Angeles Kings,4,OT,,02:24,,2021-03-06,,,,,,,,,,,0.0,
21/2/2021,New Jersey Devils,3,Washington Capitals,4,,,02:28,,2021-03-07,March,7.0,Capitals,Devils,Feb.,21.0,3.0,2.0,2021-03-07,https://www.sportsnet.ca/nhl/article/nhl-covid-19-schedule-changes-every-postponed-game-2020-21/,1.0,-14.0
5/4/2021,Philadelphia Flyers,3,Boston Bruins,2,OT,2191.0,02:38,,2021-03-07,March,7.0,Bruins,Flyers,April,5.0,3.0,4.0,2021-03-07,https://www.sportsnet.ca/nhl/article/nhl-covid-19-schedule-changes-every-postponed-game-2020-21/,1.0,29.0
7/3/2021,Tampa Bay Lightning,6,Chicago Blackhawks,3,,,02:27,,2021-03-07,,,,,,,,,,,0.0,
7/3/2021,Buffalo Sabres,2,New York Islanders,5,,,02:20,at Nassau Veterans Memorial Coliseum (Uniondale NY),2021-03-07,,,,,,,,,,,0.0,
7/3/2021,Ottawa Senators,4,Calgary Flames,3,SO,,02:42,,2021-03-07,,,,,,,,,,,0.0,
7/3/2021,New York Rangers,1,Pittsburgh Penguins,5,,2800.0,02:26,,2021-03-07,,,,,,,,,,,0.0,
8/3/2021,Arizona Coyotes,3,Colorado Avalanche,2,,,02:29,,2021-03-08,,,,,,,,,,,0.0,
8/3/2021,Montreal Canadiens,1,Vancouver Canucks,2,SO,,02:33,,2021-03-08,,,,,,,,,,,0.0,
8/3/2021,St. Louis Blues,2,San Jose Sharks,3,OT,,02:30,,2021-03-08,,,,,,,,,,,0.0,
8/3/2021,Vegas Golden Knights,0,Minnesota Wild,2,,,02:22,,2021-03-08,,,,,,,,,,,0.0,
8/3/2021,Ottawa Senators,2,Edmonton Oilers,3,,,02:23,,2021-03-08,,,,,,,,,,,0.0,
8/3/2021,Los Angeles Kings,5,Anaheim Ducks,6,OT,,02:27,,2021-03-08,,,,,,,,,,,0.0,
9/3/2021,Winnipeg Jets,4,Toronto Maple Leafs,3,,,02:16,,2021-03-09,,,,,,,,,,,0.0,
9/3/2021,New York Rangers,2,Pittsburgh Penguins,4,,2800.0,02:28,,2021-03-09,,,,,,,,,,,0.0,
9/3/2021,Florida Panthers,4,Columbus Blue Jackets,2,,3448.0,02:23,,2021-03-09,,,,,,,,,,,0.0,
9/3/2021,Boston Bruins,1,New York Islanders,2,SO,,02:32,at Nassau Veterans Memorial Coliseum (Uniondale NY),2021-03-09,,,,,,,,,,,0.0,
9/3/2021,Tampa Bay Lightning,4,Detroit Red Wings,3,OT,,02:32,,2021-03-09,,,,,,,,,,,0.0,
9/3/2021,Chicago Blackhawks,1,Dallas Stars,6,,4211.0,02:20,,2021-03-09,,,,,,,,,,,0.0,
9/3/2021,Nashville Predators,2,Carolina Hurricanes,3,OT,2924.0,02:45,,2021-03-09,,,,,,,,,,,0.0,
9/3/2021,Buffalo Sabres,4,Philadelphia Flyers,5,SO,2838.0,02:34,,2021-03-09,,,,,,,,,,,0.0,
9/3/2021,New Jersey Devils,4,Washington Capitals,5,OT,,02:35,,2021-03-09,,,,,,,,,,,0.0,
10/3/2021,Los Angeles Kings,5,Anaheim Ducks,1,,,02:21,,2021-03-10,,,,,,,,,,,0.0,
10/3/2021,Arizona Coyotes,1,Colorado Avalanche,2,OT,,02:35,,2021-03-10,,,,,,,,,,,0.0,
10/3/2021,Ottawa Senators,1,Edmonton Oilers,7,,,02:27,,2021-03-10,,,,,,,,,,,0.0,
10/3/2021,Vegas Golden Knights,3,Minnesota Wild,4,,,02:26,,2021-03-10,,,,,,,,,,,0.0,
10/3/2021,Montreal Canadiens,5,Vancouver Canucks,1,,,02:27,,2021-03-10,,,,,,,,,,,0.0,
11/3/2021,Florida Panthers,5,Columbus Blue Jackets,4,OT,3739.0,02:26,,2021-03-11,,,,,,,,,,,0.0,
11/3/2021,Washington Capitals,5,Philadelphia Flyers,3,,2807.0,02:32,,2021-03-11,,,,,,,,,,,0.0,
11/3/2021,New Jersey Devils,3,New York Islanders,5,,1000.0,02:23,at Nassau Veterans Memorial Coliseum (Uniondale NY),2021-03-11,,,,,,,,,,,0.0,
11/3/2021,Tampa Bay Lightning,4,Detroit Red Wings,6,,,02:41,,2021-03-11,,,,,,,,,,,0.0,
11/3/2021,Chicago Blackhawks,4,Dallas Stars,2,,4213.0,02:23,,2021-03-11,,,,,,,,,,,0.0,
11/3/2021,Montreal Canadiens,1,Calgary Flames,2,,,02:22,,2021-03-11,,,,,,,,,,,0.0,
11/3/2021,Winnipeg Jets,3,Toronto Maple Leafs,4,OT,,02:27,,2021-03-11,,,,,,,,,,,0.0,
11/3/2021,Nashville Predators,1,Carolina Hurricanes,5,,2924.0,02:23,,2021-03-11,,,,,,,,,,,0.0,
11/3/2021,Pittsburgh Penguins,5,Buffalo Sabres,2,,,02:22,,2021-03-11,,,,,,,,,,,0.0,
11/3/2021,New York Rangers,0,Boston Bruins,4,,,02:22,,2021-03-11,,,,,,,,,,,0.0,
12/3/2021,Ottawa Senators,2,Edmonton Oilers,6,,,02:24,,2021-03-12,,,,,,,,,,,0.0,
12/3/2021,Arizona Coyotes,0,Minnesota Wild,4,,,02:22,,2021-03-12,,,,,,,,,,,0.0,
12/3/2021,Los Angeles Kings,0,Colorado Avalanche,2,,,02:29,,2021-03-12,,,,,,,,,,,0.0,
12/3/2021,Vegas Golden Knights,5,St. Louis Blues,4,OT,,02:36,,2021-03-12,,,,,,,,,,,0.0,
12/3/2021,San Jose Sharks,6,Anaheim Ducks,0,,,02:24,,2021-03-12,,,,,,,,,,,0.0,
13/3/2021,San Jose Sharks,3,Anaheim Ducks,1,,,02:25,,2021-03-13,,,,,,,,,,,0.0,
13/3/2021,Washington Capitals,5,Philadelphia Flyers,4,,3083.0,02:19,,2021-03-13,,,,,,,,,,,0.0,
13/3/2021,Edmonton Oilers,1,Vancouver Canucks,2,,,02:26,,2021-03-13,,,,,,,,,,,0.0,
13/3/2021,Winnipeg Jets,5,Toronto Maple Leafs,2,,,02:29,,2021-03-13,,,,,,,,,,,0.0,
13/3/2021,Nashville Predators,3,Tampa Bay Lightning,6,,3800.0,02:24,,2021-03-13,,,,,,,,,,,0.0,
13/3/2021,Vegas Golden Knights,5,St. Louis Blues,1,,,02:27,,2021-03-13,,,,,,,,,,,0.0,
13/3/2021,New York Islanders,3,New Jersey Devils,2,,1800.0,02:17,,2021-03-13,,,,,,,,,,,0.0,
13/3/2021,Chicago Blackhawks,2,Florida Panthers,4,,4721.0,02:26,,2021-03-13,,,,,,,,,,,0.0,
13/3/2021,Montreal Canadiens,1,Calgary Flames,3,,,02:25,,2021-03-13,,,,,,,,,,,0.0,
13/3/2021,Dallas Stars,3,Columbus Blue Jackets,4,OT,4160.0,02:27,,2021-03-13,,,,,,,,,,,0.0,
13/3/2021,Pittsburgh Penguins,3,Buffalo Sabres,0,,,02:22,,2021-03-13,,,,,,,,,,,0.0,
13/3/2021,New York Rangers,4,Boston Bruins,0,,,02:32,,2021-03-13,,,,,,,,,,,0.0,
14/3/2021,Carolina Hurricanes,2,Detroit Red Wings,1,,,02:23,,2021-03-14,,,,,,,,,,,0.0,
14/3/2021,Los Angeles Kings,1,Colorado Avalanche,4,,,02:19,,2021-03-14,,,,,,,,,,,0.0,
14/3/2021,Arizona Coyotes,1,Minnesota Wild,4,,,02:24,,2021-03-14,,,,,,,,,,,0.0,
14/3/2021,Toronto Maple Leafs,3,Ottawa Senators,4,,,02:23,,2021-03-14,,,,,,,,,,,0.0,
27/4/2021,New York Islanders,0,Washington Capitals,1,,2133.0,02:27,,2021-03-15,March,15.0,Capitals,Islanders,April,27.0,3.0,4.0,2021-03-15,https://www.sportsnet.ca/nhl/article/nhl-covid-19-schedule-changes-every-postponed-game-2020-21/,1.0,43.0
15/3/2021,Vancouver Canucks,3,Ottawa Senators,2,OT,,02:37,,2021-03-15,,,,,,,,,,,0.0,
15/3/2021,Montreal Canadiens,4,Winnipeg Jets,2,,,02:30,,2021-03-15,,,,,,,,,,,0.0,
15/3/2021,San Jose Sharks,1,Vegas Golden Knights,2,,3473.0,02:43,,2021-03-15,,,,,,,,,,,0.0,
15/3/2021,Nashville Predators,4,Tampa Bay Lightning,1,,3800.0,02:28,,2021-03-15,,,,,,,,,,,0.0,
15/3/2021,Boston Bruins,1,Pittsburgh Penguins,4,,2800.0,02:28,,2021-03-15,,,,,,,,,,,0.0,
15/3/2021,Philadelphia Flyers,5,New York Rangers,4,OT,1639.0,02:40,,2021-03-15,,,,,,,,,,,0.0,
15/3/2021,Chicago Blackhawks,3,Florida Panthers,6,,4512.0,02:32,,2021-03-15,,,,,,,,,,,0.0,
15/3/2021,Edmonton Oilers,3,Calgary Flames,4,,,02:22,,2021-03-15,,,,,,,,,,,0.0,
14/3/2021,Dallas Stars,2,Columbus Blue Jackets,1,SO,3992.0,02:32,,2021-03-15,March,15.0,Blue Jackets,Stars,March,14.0,3.0,3.0,2021-03-15,https://www.sportsnet.ca/nhl/article/nhl-covid-19-schedule-changes-every-postponed-game-2020-21/,1.0,-1.0
16/3/2021,Carolina Hurricanes,2,Detroit Red Wings,4,,,02:28,,2021-03-16,,,,,,,,,,,0.0,
16/3/2021,Buffalo Sabres,2,New Jersey Devils,3,,1800.0,02:27,,2021-03-16,,,,,,,,,,,0.0,
16/3/2021,Boston Bruins,2,Pittsburgh Penguins,1,,2800.0,02:30,,2021-03-16,,,,,,,,,,,0.0,
16/3/2021,New York Islanders,1,Washington Capitals,3,,,02:21,,2021-03-16,,,,,,,,,,,0.0,
20/3/2021,Arizona Coyotes,5,Anaheim Ducks,1,,,02:24,,2021-03-16,March,16.0,Ducks,Coyotes,March,20.0,3.0,3.0,2021-03-16,https://www.sportsnet.ca/nhl/article/nhl-covid-19-schedule-changes-every-postponed-game-2020-21/,1.0,4.0
21/3/2021,Florida Panthers,3,Tampa Bay Lightning,5,,3800.0,02:36,,2021-03-16,March,16.0,Lightning,Panthers,March,21.0,3.0,3.0,2021-03-16,https://www.sportsnet.ca/nhl/article/nhl-covid-19-schedule-changes-every-postponed-game-2020-21/,1.0,5.0
17/3/2021,Philadelphia Flyers,0,New York Rangers,9,,1723.0,02:26,,2021-03-17,,,,,,,,,,,0.0,
17/3/2021,Edmonton Oilers,7,Calgary Flames,3,,,02:23,,2021-03-17,,,,,,,,,,,0.0,
17/3/2021,Vancouver Canucks,3,Ottawa Senators,2,SO,,02:34,,2021-03-17,,,,,,,,,,,0.0,
17/3/2021,San Jose Sharks,4,Vegas Golden Knights,5,,3473.0,02:32,,2021-03-17,,,,,,,,,,,0.0,
17/3/2021,Montreal Canadiens,3,Winnipeg Jets,4,OT,,02:22,,2021-03-17,,,,,,,,,,,0.0,
17/3/2021,St. Louis Blues,1,Los Angeles Kings,4,,,02:24,,2021-03-17,,,,,,,,,,,0.0,
18/3/2021,Winnipeg Jets,1,Edmonton Oilers,2,,,02:25,,2021-03-18,,,,,,,,,,,0.0,
18/3/2021,Chicago Blackhawks,2,Tampa Bay Lightning,4,,3800.0,02:22,,2021-03-18,,,,,,,,,,,0.0,
18/3/2021,Philadelphia Flyers,4,New York Islanders,3,,1400.0,02:28,at Nassau Veterans Memorial Coliseum (Uniondale NY),2021-03-18,,,,,,,,,,,0.0,
18/3/2021,Arizona Coyotes,2,Anaheim Ducks,3,OT,,02:28,,2021-03-18,,,,,,,,,,,0.0,
18/3/2021,Nashville Predators,2,Florida Panthers,1,,4559.0,02:30,,2021-03-18,,,,,,,,,,,0.0,
18/3/2021,Boston Bruins,4,Buffalo Sabres,1,,,02:25,,2021-03-18,,,,,,,,,,,0.0,
18/3/2021,Columbus Blue Jackets,3,Carolina Hurricanes,2,OT,2924.0,02:31,,2021-03-18,,,,,,,,,,,0.0,
18/3/2021,Dallas Stars,2,Detroit Red Wings,3,,,02:27,,2021-03-18,,,,,,,,,,,0.0,
18/3/2021,Minnesota Wild,1,Colorado Avalanche,5,,,02:31,,2021-03-18,,,,,,,,,,,0.0,
19/3/2021,St. Louis Blues,2,San Jose Sharks,1,SO,,02:41,,2021-03-19,,,,,,,,,,,0.0,
20/3/2021,Pittsburgh Penguins,3,New Jersey Devils,1,,1800.0,02:22,,2021-03-19,March,19.0,Devils,Penguins,March,20.0,3.0,3.0,2021-03-19,https://www.sportsnet.ca/nhl/article/nhl-covid-19-schedule-changes-every-postponed-game-2020-21/,1.0,1.0
19/3/2021,Vegas Golden Knights,4,Los Angeles Kings,2,,,02:29,,2021-03-19,,,,,,,,,,,0.0,
19/3/2021,Vancouver Canucks,3,Montreal Canadiens,2,OT,,02:28,,2021-03-19,,,,,,,,,,,0.0,
19/3/2021,Calgary Flames,4,Toronto Maple Leafs,3,,,02:25,,2021-03-19,,,,,,,,,,,0.0,
19/3/2021,New York Rangers,1,Washington Capitals,2,,,02:20,,2021-03-19,,,,,,,,,,,0.0,
20/4/2021,Boston Bruins,2,Buffalo Sabres,0,,,02:39,,2021-03-20,March,20.0,Sabres,Bruins,April,20.0,3.0,4.0,2021-03-20,https://www.sportsnet.ca/nhl/article/nhl-covid-19-schedule-changes-every-postponed-game-2020-21/,1.0,31.0
20/3/2021,St. Louis Blues,5,San Jose Sharks,2,,,02:25,,2021-03-20,,,,,,,,,,,0.0,
20/3/2021,Philadelphia Flyers,1,New York Islanders,6,,1400.0,02:18,at Nassau Veterans Memorial Coliseum (Uniondale NY),2021-03-20,,,,,,,,,,,0.0,
20/3/2021,Vancouver Canucks,4,Montreal Canadiens,5,SO,,02:36,,2021-03-20,,,,,,,,,,,0.0,
20/3/2021,Nashville Predators,0,Florida Panthers,2,,4358.0,02:22,,2021-03-20,,,,,,,,,,,0.0,
20/3/2021,Winnipeg Jets,2,Edmonton Oilers,4,,,02:22,,2021-03-20,,,,,,,,,,,0.0,
20/3/2021,Dallas Stars,3,Detroit Red Wings,0,,,02:20,,2021-03-20,,,,,,,,,,,0.0,
20/3/2021,Chicago Blackhawks,1,Tampa Bay Lightning,4,,3800.0,02:20,,2021-03-20,,,,,,,,,,,0.0,
20/3/2021,Minnesota Wild,0,Colorado Avalanche,6,,,02:31,,2021-03-20,,,,,,,,,,,0.0,
20/3/2021,Columbus Blue Jackets,3,Carolina Hurricanes,2,SO,2924.0,02:39,,2021-03-20,,,,,,,,,,,0.0,
20/3/2021,Calgary Flames,0,Toronto Maple Leafs,2,,,02:25,,2021-03-20,,,,,,,,,,,0.0,
21/3/2021,Vegas Golden Knights,1,Los Angeles Kings,3,,,02:29,,2021-03-21,,,,,,,,,,,0.0,
9/4/2021,Pittsburgh Penguins,6,New Jersey Devils,4,,3600.0,02:27,,2021-03-21,March,21.0,Devils,Penguins,April,9.0,3.0,4.0,2021-03-21,https://www.sportsnet.ca/nhl/article/nhl-covid-19-schedule-changes-every-postponed-game-2020-21/,1.0,19.0
30/3/2021,Edmonton Oilers,0,Montreal Canadiens,4,,,02:29,,2021-03-22,March,22.0,Canadiens,Oilers,March,30.0,3.0,3.0,2021-03-22,https://www.sportsnet.ca/nhl/article/nhl-covid-19-schedule-changes-every-postponed-game-2020-21/,1.0,8.0
22/3/2021,Carolina Hurricanes,3,Columbus Blue Jackets,0,,3829.0,02:17,,2021-03-22,,,,,,,,,,,0.0,
22/3/2021,Anaheim Ducks,1,Minnesota Wild,2,,,02:23,,2021-03-22,,,,,,,,,,,0.0,
22/3/2021,Winnipeg Jets,4,Vancouver Canucks,0,,,02:18,,2021-03-22,,,,,,,,,,,0.0,
22/3/2021,Los Angeles Kings,1,San Jose Sharks,2,,,02:22,,2021-03-22,,,,,,,,,,,0.0,
22/3/2021,Colorado Avalanche,5,Arizona Coyotes,1,,2593.0,02:22,,2021-03-22,,,,,,,,,,,0.0,
22/3/2021,Calgary Flames,1,Ottawa Senators,2,,,02:17,,2021-03-22,,,,,,,,,,,0.0,
22/3/2021,Buffalo Sabres,3,New York Rangers,5,,1800.0,02:24,,2021-03-22,,,,,,,,,,,0.0,
23/3/2021,New Jersey Devils,4,Philadelphia Flyers,3,,2882.0,02:28,,2021-03-23,,,,,,,,,,,0.0,
23/3/2021,Detroit Red Wings,0,Nashville Predators,2,,,02:24,,2021-03-23,,,,,,,,,,,0.0,
23/3/2021,Tampa Bay Lightning,2,Dallas Stars,1,,4103.0,02:32,,2021-03-23,,,,,,,,,,,0.0,
23/3/2021,Florida Panthers,2,Chicago Blackhawks,3,,,02:28,,2021-03-23,,,,,,,,,,,0.0,
10/5/2021,New York Islanders,2,Boston Bruins,3,OT,4565.0,02:38,,2021-03-23,March,23.0,Bruins,Islanders,May,10.0,3.0,5.0,2021-03-23,https://www.sportsnet.ca/nhl/article/nhl-covid-19-schedule-changes-every-postponed-game-2020-21/,1.0,48.0
23/3/2021,Colorado Avalanche,4,Arizona Coyotes,5,SO,2539.0,02:41,,2021-03-23,,,,,,,,,,,0.0,
24/3/2021,Anaheim Ducks,2,Minnesota Wild,3,,,02:29,,2021-03-24,,,,,,,,,,,0.0,
24/3/2021,Los Angeles Kings,2,San Jose Sharks,4,,,02:24,,2021-03-24,,,,,,,,,,,0.0,
24/3/2021,Winnipeg Jets,5,Vancouver Canucks,1,,,02:24,,2021-03-24,,,,,,,,,,,0.0,
24/3/2021,Calgary Flames,1,Ottawa Senators,3,,,02:16,,2021-03-24,,,,,,,,,,,0.0,
24/3/2021,Buffalo Sabres,2,Pittsburgh Penguins,5,,2800.0,02:26,,2021-03-24,,,,,,,,,,,0.0,
25/3/2021,Carolina Hurricanes,4,Columbus Blue Jackets,3,OT,4033.0,02:32,,2021-03-25,,,,,,,,,,,0.0,
25/3/2021,New York Islanders,4,Boston Bruins,3,OT,2191.0,02:40,,2021-03-25,,,,,,,,,,,0.0,
25/3/2021,Florida Panthers,0,Chicago Blackhawks,3,,,02:21,,2021-03-25,,,,,,,,,,,0.0,
25/3/2021,Vegas Golden Knights,1,Colorado Avalanche,5,,,02:30,,2021-03-25,,,,,,,,,,,0.0,
25/3/2021,Tampa Bay Lightning,3,Dallas Stars,4,,4187.0,02:34,,2021-03-25,,,,,,,,,,,0.0,
25/3/2021,Detroit Red Wings,1,Nashville Predators,7,,,02:28,,2021-03-25,,,,,,,,,,,0.0,
25/3/2021,Toronto Maple Leafs,3,Ottawa Senators,2,OT,,02:41,,2021-03-25,,,,,,,,,,,0.0,
25/3/2021,New York Rangers,8,Philadelphia Flyers,3,,2854.0,02:32,,2021-03-25,,,,,,,,,,,0.0,
25/3/2021,New Jersey Devils,3,Washington Capitals,4,,,02:31,,2021-03-25,,,,,,,,,,,0.0,
26/3/2021,New Jersey Devils,0,Washington Capitals,4,,,02:25,,2021-03-26,,,,,,,,,,,0.0,
26/3/2021,Winnipeg Jets,3,Calgary Flames,2,,,02:24,,2021-03-26,,,,,,,,,,,0.0,
26/3/2021,San Jose Sharks,2,Arizona Coyotes,5,,3007.0,02:23,,2021-03-26,,,,,,,,,,,0.0,
25/3/2021,Buffalo Sabres,0,Pittsburgh Penguins,4,,2800.0,02:25,,2021-03-26,March,26.0,Penguins,Sabres,March,25.0,3.0,3.0,2021-03-26,https://www.sportsnet.ca/nhl/article/nhl-covid-19-schedule-changes-every-postponed-game-2020-21/,1.0,-1.0
26/3/2021,Anaheim Ducks,4,St. Louis Blues,1,,,02:23,,2021-03-26,,,,,,,,,,,0.0,
28/3/2021,Anaheim Ducks,3,St. Louis Blues,2,OT,,02:30,,2021-03-27,March,27.0,Blues,Ducks,March,28.0,3.0,3.0,2021-03-27,https://www.sportsnet.ca/nhl/article/nhl-covid-19-schedule-changes-every-postponed-game-2020-21/,1.0,1.0
27/3/2021,Vegas Golden Knights,3,Colorado Avalanche,2,OT,,02:29,,2021-03-27,,,,,,,,,,,0.0,
27/3/2021,San Jose Sharks,0,Arizona Coyotes,4,,3217.0,02:27,,2021-03-27,,,,,,,,,,,0.0,
27/3/2021,Tampa Bay Lightning,3,Carolina Hurricanes,4,,4433.0,02:31,,2021-03-27,,,,,,,,,,,0.0,
27/3/2021,Winnipeg Jets,2,Calgary Flames,4,,,02:22,,2021-03-27,,,,,,,,,,,0.0,
27/3/2021,Nashville Predators,3,Chicago Blackhawks,1,,,02:15,,2021-03-27,,,,,,,,,,,0.0,
27/3/2021,Florida Panthers,4,Dallas Stars,3,OT,4209.0,02:44,,2021-03-27,,,,,,,,,,,0.0,
27/3/2021,Columbus Blue Jackets,1,Detroit Red Wings,3,,,02:20,,2021-03-27,,,,,,,,,,,0.0,
27/3/2021,New York Rangers,1,Philadelphia Flyers,2,,3069.0,02:24,,2021-03-27,,,,,,,,,,,0.0,
27/3/2021,Edmonton Oilers,3,Toronto Maple Leafs,4,OT,,02:27,,2021-03-27,,,,,,,,,,,0.0,
28/3/2021,Columbus Blue Jackets,1,Detroit Red Wings,4,,,02:18,,2021-03-28,,,,,,,,,,,0.0,
28/3/2021,Nashville Predators,3,Chicago Blackhawks,2,,,02:22,,2021-03-28,,,,,,,,,,,0.0,
28/3/2021,New York Rangers,4,Washington Capitals,5,,,02:28,,2021-03-28,,,,,,,,,,,0.0,
28/3/2021,New Jersey Devils,1,Boston Bruins,0,,2191.0,02:46,,2021-03-28,,,,,,,,,,,0.0,
28/3/2021,Florida Panthers,4,Dallas Stars,1,,4026.0,02:35,,2021-03-28,,,,,,,,,,,0.0,
29/3/2021,New York Islanders,1,Pittsburgh Penguins,2,,2800.0,02:26,,2021-03-29,,,,,,,,,,,0.0,
29/3/2021,Los Angeles Kings,1,Vegas Golden Knights,4,,3950.0,02:13,,2021-03-29,,,,,,,,,,,0.0,
29/3/2021,Edmonton Oilers,3,Toronto Maple Leafs,2,OT,,02:24,,2021-03-29,,,,,,,,,,,0.0,
29/3/2021,Minnesota Wild,3,San Jose Sharks,4,SO,,02:37,,2021-03-29,,,,,,,,,,,0.0,
29/3/2021,Anaheim Ducks,2,Colorado Avalanche,5,,,02:31,,2021-03-29,,,,,,,,,,,0.0,
29/3/2021,Winnipeg Jets,5,Calgary Flames,1,,,02:24,,2021-03-29,,,,,,,,,,,0.0,
29/3/2021,Philadelphia Flyers,4,Buffalo Sabres,3,OT,,02:31,,2021-03-29,,,,,,,,,,,0.0,
30/3/2021,Carolina Hurricanes,1,Chicago Blackhawks,2,,,02:25,,2021-03-30,,,,,,,,,,,0.0,
30/3/2021,Washington Capitals,2,New York Rangers,5,,1761.0,02:27,,2021-03-30,,,,,,,,,,,0.0,
30/3/2021,Columbus Blue Jackets,3,Tampa Bay Lightning,1,,3800.0,02:41,,2021-03-30,,,,,,,,,,,0.0,
31/3/2021,Philadelphia Flyers,1,Buffalo Sabres,6,,,02:21,,2021-03-30,March,30.0,Sabres,Flyers,March,31.0,3.0,3.0,2021-03-30,https://www.sportsnet.ca/nhl/article/nhl-covid-19-schedule-changes-every-postponed-game-2020-21/,1.0,1.0
27/3/2021,New York Islanders,3,Pittsburgh Penguins,6,,2800.0,02:23,,2021-03-30,March,30.0,Penguins,Islanders,March,27.0,3.0,3.0,2021-03-30,https://www.sportsnet.ca/nhl/article/nhl-covid-19-schedule-changes-every-postponed-game-2020-21/,1.0,-3.0
30/3/2021,New Jersey Devils,4,Boston Bruins,5,SO,2191.0,02:50,,2021-03-30,,,,,,,,,,,0.0,
17/4/2021,Ottawa Senators,4,Montreal Canadiens,0,,,02:17,,2021-03-30,March,30.0,Canadiens,Senators,April,17.0,3.0,4.0,2021-03-30,https://www.sportsnet.ca/nhl/article/nhl-covid-19-schedule-changes-every-postponed-game-2020-21/,1.0,18.0
30/3/2021,Detroit Red Wings,1,Florida Panthers,4,,4321.0,02:23,,2021-03-30,,,,,,,,,,,0.0,
30/3/2021,Dallas Stars,2,Nashville Predators,3,OT,,02:26,,2021-03-30,,,,,,,,,,,0.0,
16/3/2021,Anaheim Ducks,4,Colorado Avalanche,8,,,02:34,,2021-03-31,March,31.0,Avalanche,Ducks,March,16.0,3.0,3.0,2021-03-31,https://www.sportsnet.ca/nhl/article/nhl-covid-19-schedule-changes-every-postponed-game-2020-21/,1.0,-15.0
31/3/2021,Toronto Maple Leafs,3,Winnipeg Jets,1,,,02:23,,2021-03-31,,,,,,,,,,,0.0,
31/3/2021,Los Angeles Kings,4,Vegas Golden Knights,2,,3950.0,02:26,,2021-03-31,,,,,,,,,,,0.0,
31/3/2021,Minnesota Wild,2,San Jose Sharks,4,,,02:28,,2021-03-31,,,,,,,,,,,0.0,
31/3/2021,Arizona Coyotes,3,Colorado Avalanche,9,,,02:34,,2021-03-31,,,,,,,,,,,0.0,
1/4/2021,Minnesota Wild,3,Vegas Golden Knights,2,SO,3950.0,02:36,,2021-04-01,,,,,,,,,,,0.0,
1/4/2021,New York Rangers,3,Buffalo Sabres,2,OT,,02:26,,2021-04-01,,,,,,,,,,,0.0,
1/4/2021,Pittsburgh Penguins,4,Boston Bruins,1,,2191.0,02:33,,2021-04-01,,,,,,,,,,,0.0,
27/4/2021,Philadelphia Flyers,4,New Jersey Devils,6,,3600.0,02:36,,2021-04-01,April,1.0,Devils,Flyers,April,27.0,4.0,4.0,2021-04-01,https://www.sportsnet.ca/nhl/article/nhl-covid-19-schedule-changes-every-postponed-game-2020-21/,1.0,26.0
1/4/2021,Dallas Stars,4,Nashville Predators,1,,,02:24,,2021-04-01,,,,,,,,,,,0.0,
1/4/2021,Washington Capitals,4,New York Islanders,8,,1400.0,02:33,at Nassau Veterans Memorial Coliseum (Uniondale NY),2021-04-01,,,,,,,,,,,0.0,
1/4/2021,Detroit Red Wings,2,Florida Panthers,3,OT,4359.0,02:35,,2021-04-01,,,,,,,,,,,0.0,
1/4/2021,Montreal Canadiens,4,Ottawa Senators,1,,,02:22,,2021-04-01,,,,,,,,,,,0.0,
1/4/2021,Carolina Hurricanes,4,Chicago Blackhawks,3,,,02:31,,2021-04-01,,,,,,,,,,,0.0,
1/4/2021,Columbus Blue Jackets,2,Tampa Bay Lightning,3,,3800.0,02:28,,2021-04-01,,,,,,,,,,,0.0,
2/4/2021,Toronto Maple Leafs,2,Winnipeg Jets,1,SO,,02:28,,2021-04-02,,,,,,,,,,,0.0,
2/4/2021,Washington Capitals,2,New Jersey Devils,1,OT,3600.0,02:29,,2021-04-02,,,,,,,,,,,0.0,
2/4/2021,San Jose Sharks,3,Los Angeles Kings,0,,,02:26,,2021-04-02,,,,,,,,,,,0.0,
2/4/2021,Calgary Flames,2,Edmonton Oilers,3,,,02:21,,2021-04-02,,,,,,,,,,,0.0,
2/4/2021,Arizona Coyotes,4,Anaheim Ducks,2,,,02:26,,2021-04-02,,,,,,,,,,,0.0,
3/4/2021,Ottawa Senators,6,Montreal Canadiens,3,,,02:33,,2021-04-03,,,,,,,,,,,0.0,
3/4/2021,Pittsburgh Penguins,5,Boston Bruins,7,,2191.0,02:44,,2021-04-03,,,,,,,,,,,0.0,
3/4/2021,San Jose Sharks,3,Los Angeles Kings,2,,,02:18,,2021-04-03,,,,,,,,,,,0.0,
3/4/2021,St. Louis Blues,1,Colorado Avalanche,2,,4035.0,02:29,,2021-04-03,,,,,,,,,,,0.0,
3/4/2021,New York Rangers,2,Buffalo Sabres,3,SO,,02:39,,2021-04-03,,,,,,,,,,,0.0,
3/4/2021,Dallas Stars,3,Carolina Hurricanes,2,,4987.0,02:30,,2021-04-03,,,,,,,,,,,0.0,
3/4/2021,Minnesota Wild,2,Vegas Golden Knights,1,,3950.0,02:24,,2021-04-03,,,,,,,,,,,0.0,
3/4/2021,Columbus Blue Jackets,2,Florida Panthers,5,,4375.0,02:28,,2021-04-03,,,,,,,,,,,0.0,
3/4/2021,Chicago Blackhawks,0,Nashville Predators,3,,,02:26,,2021-04-03,,,,,,,,,,,0.0,
3/4/2021,Philadelphia Flyers,2,New York Islanders,3,SO,1400.0,02:41,at Nassau Veterans Memorial Coliseum (Uniondale NY),2021-04-03,,,,,,,,,,,0.0,
3/4/2021,Detroit Red Wings,1,Tampa Bay Lightning,2,,3800.0,02:17,,2021-04-03,,,,,,,,,,,0.0,
4/4/2021,Dallas Stars,0,Carolina Hurricanes,1,,4987.0,02:21,,2021-04-04,,,,,,,,,,,0.0,
4/4/2021,Toronto Maple Leafs,4,Calgary Flames,2,,,02:17,,2021-04-04,,,,,,,,,,,0.0,
4/4/2021,Columbus Blue Jackets,0,Florida Panthers,3,,4069.0,02:20,,2021-04-04,,,,,,,,,,,0.0,
4/4/2021,Detroit Red Wings,5,Tampa Bay Lightning,1,,3800.0,02:20,,2021-04-04,,,,,,,,,,,0.0,
19/4/2021,Chicago Blackhawks,2,Nashville Predators,5,,,02:27,,2021-04-04,April,4.0,Predators,Blackhawks,April,19.0,4.0,4.0,2021-04-04,https://www.sportsnet.ca/nhl/article/nhl-covid-19-schedule-changes-every-postponed-game-2020-21/,1.0,15.0
10/5/2021,Vancouver Canucks,3,Winnipeg Jets,1,,,02:23,,2021-04-04,April,4.0,Jets,Canucks,May,10.0,4.0,5.0,2021-04-04,https://www.sportsnet.ca/nhl/article/nhl-covid-19-schedule-changes-every-postponed-game-2020-21/,1.0,36.0
4/4/2021,Washington Capitals,5,New Jersey Devils,4,,3600.0,02:32,,2021-04-04,,,,,,,,,,,0.0,
4/4/2021,Arizona Coyotes,3,Anaheim Ducks,2,OT,,02:37,,2021-04-04,,,,,,,,,,,0.0,
5/4/2021,Toronto Maple Leafs,5,Calgary Flames,3,,,02:27,,2021-04-05,,,,,,,,,,,0.0,
5/4/2021,Vegas Golden Knights,6,St. Louis Blues,1,,,02:44,,2021-04-05,,,,,,,,,,,0.0,
5/4/2021,Edmonton Oilers,2,Montreal Canadiens,3,OT,,02:29,,2021-04-05,,,,,,,,,,,0.0,
5/4/2021,Colorado Avalanche,5,Minnesota Wild,4,,3000.0,03:00,,2021-04-05,,,,,,,,,,,0.0,
5/4/2021,Arizona Coyotes,5,Los Angeles Kings,2,,,02:35,,2021-04-05,,,,,,,,,,,0.0,
10/4/2021,Boston Bruins,2,Philadelphia Flyers,3,,3025.0,02:29,,2021-04-05,April,5.0,Flyers,Bruins,April,10.0,4.0,4.0,2021-04-05,https://www.sportsnet.ca/nhl/article/nhl-covid-19-schedule-changes-every-postponed-game-2020-21/,1.0,5.0
11/5/2021,Vancouver Canucks,0,Winnipeg Jets,5,,,02:17,,2021-04-06,April,6.0,Jets,Canucks,May,11.0,4.0,5.0,2021-04-06,https://www.sportsnet.ca/nhl/article/nhl-covid-19-schedule-changes-every-postponed-game-2020-21/,1.0,35.0
6/4/2021,Anaheim Ducks,5,San Jose Sharks,1,,,02:24,,2021-04-06,,,,,,,,,,,0.0,
6/4/2021,Pittsburgh Penguins,4,New York Rangers,8,,1693.0,02:30,,2021-04-06,,,,,,,,,,,0.0,
6/4/2021,Washington Capitals,0,New York Islanders,1,,1400.0,02:28,at Nassau Veterans Memorial Coliseum (Uniondale NY),2021-04-06,,,,,,,,,,,0.0,
6/4/2021,Buffalo Sabres,5,New Jersey Devils,3,,3600.0,02:22,,2021-04-06,,,,,,,,,,,0.0,
6/4/2021,Nashville Predators,3,Detroit Red Wings,2,SO,,02:32,,2021-04-06,,,,,,,,,,,0.0,
6/4/2021,Tampa Bay Lightning,2,Columbus Blue Jackets,4,,4080.0,02:30,,2021-04-06,,,,,,,,,,,0.0,
6/4/2021,Florida Panthers,2,Carolina Hurricanes,5,,4987.0,02:30,,2021-04-06,,,,,,,,,,,0.0,
6/4/2021,Boston Bruins,4,Philadelphia Flyers,2,,2638.0,02:36,,2021-04-06,,,,,,,,,,,0.0,
6/4/2021,Dallas Stars,2,Chicago Blackhawks,4,,,02:30,,2021-04-06,,,,,,,,,,,0.0,
7/4/2021,Colorado Avalanche,3,Minnesota Wild,8,,3000.0,02:47,,2021-04-07,,,,,,,,,,,0.0,
7/4/2021,Arizona Coyotes,3,Los Angeles Kings,4,,,02:27,,2021-04-07,,,,,,,,,,,0.0,
7/4/2021,Edmonton Oilers,4,Ottawa Senators,2,,,02:20,,2021-04-07,,,,,,,,,,,0.0,
7/4/2021,Vegas Golden Knights,1,St. Louis Blues,3,,,02:29,,2021-04-07,,,,,,,,,,,0.0,
7/4/2021,Montreal Canadiens,2,Toronto Maple Leafs,3,,,02:27,,2021-04-07,,,,,,,,,,,0.0,
8/4/2021,Philadelphia Flyers,2,New York Islanders,3,SO,1400.0,02:43,at Nassau Veterans Memorial Coliseum (Uniondale NY),2021-04-08,,,,,,,,,,,0.0,
8/4/2021,New Jersey Devils,6,Buffalo Sabres,3,,,02:20,,2021-04-08,,,,,,,,,,,0.0,
8/4/2021,Florida Panthers,0,Carolina Hurricanes,3,,4987.0,02:29,,2021-04-08,,,,,,,,,,,0.0,
8/4/2021,Dallas Stars,5,Chicago Blackhawks,1,,,02:22,,2021-04-08,,,,,,,,,,,0.0,
8/4/2021,Nashville Predators,7,Detroit Red Wings,1,,,02:26,,2021-04-08,,,,,,,,,,,0.0,
8/4/2021,Winnipeg Jets,4,Montreal Canadiens,2,,,02:25,,2021-04-08,,,,,,,,,,,0.0,
8/4/2021,Boston Bruins,4,Washington Capitals,2,,,02:34,,2021-04-08,,,,,,,,,,,0.0,
8/4/2021,Tampa Bay Lightning,6,Columbus Blue Jackets,4,,4143.0,02:37,,2021-04-08,,,,,,,,,,,0.0,
8/4/2021,Pittsburgh Penguins,5,New York Rangers,2,,1800.0,02:25,,2021-04-08,,,,,,,,,,,0.0,
8/4/2021,Edmonton Oilers,3,Ottawa Senators,1,,,02:19,,2021-04-08,,,,,,,,,,,0.0,
9/4/2021,Arizona Coyotes,4,Vegas Golden Knights,7,,3950.0,02:25,,2021-04-09,,,,,,,,,,,0.0,
9/4/2021,Minnesota Wild,1,St. Louis Blues,9,,,02:27,,2021-04-09,,,,,,,,,,,0.0,
9/4/2021,Los Angeles Kings,2,San Jose Sharks,5,,,02:27,,2021-04-09,,,,,,,,,,,0.0,
9/4/2021,New York Rangers,4,New York Islanders,1,,1400.0,02:25,at Nassau Veterans Memorial Coliseum (Uniondale NY),2021-04-09,,,,,,,,,,,0.0,
25/2/2021,New Jersey Devils,4,Buffalo Sabres,3,OT,,02:22,,2021-04-09,April,9.0,Sabres,Devils,Feb.,25.0,4.0,2.0,2021-04-09,https://www.sportsnet.ca/nhl/article/nhl-covid-19-schedule-changes-every-postponed-game-2020-21/,1.0,-43.0
9/4/2021,Colorado Avalanche,2,Anaheim Ducks,0,,,02:21,,2021-04-09,,,,,,,,,,,0.0,
10/4/2021,Tampa Bay Lightning,3,Nashville Predators,0,,,02:33,,2021-04-10,,,,,,,,,,,0.0,
10/4/2021,Florida Panthers,1,Dallas Stars,4,,4165.0,02:27,,2021-04-10,,,,,,,,,,,0.0,
10/4/2021,Los Angeles Kings,4,San Jose Sharks,2,,,02:22,,2021-04-10,,,,,,,,,,,0.0,
10/4/2021,Edmonton Oilers,0,Calgary Flames,5,,,02:28,,2021-04-10,,,,,,,,,,,0.0,
10/4/2021,Ottawa Senators,5,Toronto Maple Leafs,6,,,02:20,,2021-04-10,,,,,,,,,,,0.0,
10/4/2021,Chicago Blackhawks,4,Columbus Blue Jackets,3,,4502.0,02:53,,2021-04-10,,,,,,,,,,,0.0,
10/4/2021,Detroit Red Wings,5,Carolina Hurricanes,4,SO,4987.0,02:41,,2021-04-10,,,,,,,,,,,0.0,
10/4/2021,Winnipeg Jets,5,Montreal Canadiens,0,,,02:22,,2021-04-10,,,,,,,,,,,0.0,
11/4/2021,Arizona Coyotes,0,Vegas Golden Knights,1,,3950.0,02:25,,2021-04-11,,,,,,,,,,,0.0,
11/4/2021,Pittsburgh Penguins,5,New Jersey Devils,2,,3600.0,02:29,,2021-04-11,,,,,,,,,,,0.0,
11/4/2021,New York Rangers,2,New York Islanders,3,OT,1400.0,02:42,at Nassau Veterans Memorial Coliseum (Uniondale NY),2021-04-11,,,,,,,,,,,0.0,
11/4/2021,Washington Capitals,8,Boston Bruins,1,,2191.0,02:32,,2021-04-11,,,,,,,,,,,0.0,
11/4/2021,Colorado Avalanche,4,Anaheim Ducks,1,,,02:39,,2021-04-11,,,,,,,,,,,0.0,
10/4/2021,Minnesota Wild,2,St. Louis Blues,3,OT,,02:31,,2021-04-11,April,11.0,Blues,Wild,April,10.0,4.0,4.0,2021-04-11,https://www.sportsnet.ca/nhl/article/nhl-covid-19-schedule-changes-every-postponed-game-2020-21/,1.0,-1.0
11/4/2021,Buffalo Sabres,5,Philadelphia Flyers,3,,3250.0,02:31,,2021-04-11,,,,,,,,,,,0.0,
12/4/2021,Winnipeg Jets,2,Ottawa Senators,4,,,02:20,,2021-04-12,,,,,,,,,,,0.0,
8/5/2021,Vancouver Canucks,3,Edmonton Oilers,4,,,02:20,,2021-04-12,April,12.0,Oilers,Canucks,May,8.0,4.0,5.0,2021-04-12,https://www.sportsnet.ca/nhl/article/nhl-covid-19-schedule-changes-every-postponed-game-2020-21/,1.0,26.0
12/4/2021,Detroit Red Wings,3,Carolina Hurricanes,1,,4987.0,02:30,,2021-04-12,,,,,,,,,,,0.0,
12/4/2021,Toronto Maple Leafs,2,Montreal Canadiens,4,,,02:21,,2021-04-12,,,,,,,,,,,0.0,
12/4/2021,Chicago Blackhawks,4,Columbus Blue Jackets,3,OT,4093.0,02:31,,2021-04-12,,,,,,,,,,,0.0,
12/4/2021,Anaheim Ducks,4,San Jose Sharks,0,,,02:24,,2021-04-12,,,,,,,,,,,0.0,
12/4/2021,Vegas Golden Knights,4,Los Angeles Kings,2,,,02:20,,2021-04-12,,,,,,,,,,,0.0,
13/4/2021,Tampa Bay Lightning,2,Nashville Predators,7,,,02:25,,2021-04-12,April,12.0,Predators,Lightning,April,13.0,4.0,4.0,2021-04-12,https://www.sportsnet.ca/nhl/article/nhl-covid-19-schedule-changes-every-postponed-game-2020-21/,1.0,1.0
13/4/2021,Florida Panthers,3,Dallas Stars,2,OT,4199.0,02:47,,2021-04-13,,,,,,,,,,,0.0,
13/4/2021,New York Rangers,3,New Jersey Devils,0,,3600.0,02:15,,2021-04-13,,,,,,,,,,,0.0,
18/2/2021,Buffalo Sabres,1,Washington Capitals,3,,,02:12,,2021-04-13,April,13.0,Capitals,Sabres,Feb.,18.0,4.0,2.0,2021-04-13,https://www.sportsnet.ca/nhl/article/nhl-covid-19-schedule-changes-every-postponed-game-2020-21/,1.0,-54.0
13/4/2021,Calgary Flames,3,Toronto Maple Leafs,2,OT,,02:23,,2021-04-13,,,,,,,,,,,0.0,
6/3/2021,Philadelphia Flyers,3,Pittsburgh Penguins,4,,2800.0,02:30,,2021-04-13,April,13.0,Penguins,Flyers,March,6.0,4.0,3.0,2021-04-13,https://www.sportsnet.ca/nhl/article/nhl-covid-19-schedule-changes-every-postponed-game-2020-21/,1.0,-38.0
14/4/2021,Calgary Flames,4,Montreal Canadiens,1,,,02:22,,2021-04-14,,,,,,,,,,,0.0,
14/4/2021,Winnipeg Jets,3,Ottawa Senators,2,,,02:23,,2021-04-14,,,,,,,,,,,0.0,
14/4/2021,Anaheim Ducks,4,San Jose Sharks,1,,,02:31,,2021-04-14,,,,,,,,,,,0.0,
15/4/2021,New York Islanders,1,Boston Bruins,4,,2191.0,02:34,,2021-04-14,April,14.0,Bruins,Islanders,April,15.0,4.0,4.0,2021-04-14,https://www.sportsnet.ca/nhl/article/nhl-covid-19-schedule-changes-every-postponed-game-2020-21/,1.0,1.0
14/4/2021,Vegas Golden Knights,6,Los Angeles Kings,2,,,02:24,,2021-04-14,,,,,,,,,,,0.0,
15/4/2021,New Jersey Devils,0,New York Rangers,4,,1688.0,02:16,,2021-04-15,,,,,,,,,,,0.0,
15/4/2021,Buffalo Sabres,5,Washington Capitals,2,,,02:21,,2021-04-15,,,,,,,,,,,0.0,
15/4/2021,Winnipeg Jets,5,Toronto Maple Leafs,2,,,02:20,,2021-04-15,,,,,,,,,,,0.0,
15/4/2021,Florida Panthers,2,Tampa Bay Lightning,3,OT,3800.0,02:25,,2021-04-15,,,,,,,,,,,0.0,
15/4/2021,Philadelphia Flyers,2,Pittsburgh Penguins,1,SO,4672.0,02:40,,2021-04-15,,,,,,,,,,,0.0,
15/4/2021,Chicago Blackhawks,1,Detroit Red Wings,4,,,02:14,,2021-04-15,,,,,,,,,,,0.0,
15/4/2021,Columbus Blue Jackets,1,Dallas Stars,4,,4201.0,02:20,,2021-04-15,,,,,,,,,,,0.0,
15/4/2021,Nashville Predators,1,Carolina Hurricanes,4,,4987.0,02:27,,2021-04-15,,,,,,,,,,,0.0,
16/4/2021,San Jose Sharks,2,Minnesota Wild,3,,3000.0,02:19,,2021-04-16,,,,,,,,,,,0.0,
16/4/2021,Calgary Flames,1,Montreal Canadiens,2,,,02:18,,2021-04-16,,,,,,,,,,,0.0,
12/5/2021,Los Angeles Kings,0,Colorado Avalanche,6,,4042.0,02:28,,2021-04-16,April,16.0,Avalanche,Kings,May,12.0,4.0,5.0,2021-04-16,https://www.sportsnet.ca/nhl/article/nhl-covid-19-schedule-changes-every-postponed-game-2020-21/,1.0,26.0
16/4/2021,New York Islanders,0,Boston Bruins,3,,2191.0,02:26,,2021-04-16,,,,,,,,,,,0.0,
16/4/2021,Vegas Golden Knights,4,Anaheim Ducks,0,,1717.0,02:21,,2021-04-16,,,,,,,,,,,0.0,
17/4/2021,Florida Panthers,5,Tampa Bay Lightning,3,,3800.0,02:23,,2021-04-17,,,,,,,,,,,0.0,
17/4/2021,Chicago Blackhawks,4,Detroit Red Wings,0,,,02:22,,2021-04-17,,,,,,,,,,,0.0,
17/4/2021,Nashville Predators,1,Carolina Hurricanes,3,,4987.0,02:28,,2021-04-17,,,,,,,,,,,0.0,
17/4/2021,Pittsburgh Penguins,3,Buffalo Sabres,2,,,02:17,,2021-04-17,,,,,,,,,,,0.0,
17/4/2021,San Jose Sharks,2,Minnesota Wild,5,,3000.0,02:23,,2021-04-17,,,,,,,,,,,0.0,
17/4/2021,Edmonton Oilers,3,Winnipeg Jets,0,,,02:15,,2021-04-17,,,,,,,,,,,0.0,
17/4/2021,St. Louis Blues,2,Arizona Coyotes,3,,3981.0,02:19,,2021-04-17,,,,,,,,,,,0.0,
17/4/2021,New Jersey Devils,3,New York Rangers,6,,1800.0,02:24,,2021-04-17,,,,,,,,,,,0.0,
17/4/2021,Columbus Blue Jackets,1,Dallas Stars,5,,5643.0,02:27,,2021-04-17,,,,,,,,,,,0.0,
17/4/2021,Washington Capitals,6,Philadelphia Flyers,3,,3430.0,02:28,,2021-04-17,,,,,,,,,,,0.0,
13/5/2021,Los Angeles Kings,1,Colorado Avalanche,5,,4045.0,02:25,,2021-04-18,April,18.0,Avalanche,Kings,May,13.0,4.0,5.0,2021-04-18,https://www.sportsnet.ca/nhl/article/nhl-covid-19-schedule-changes-every-postponed-game-2020-21/,1.0,25.0
18/4/2021,Vegas Golden Knights,5,Anaheim Ducks,2,,1717.0,02:25,,2021-04-18,,,,,,,,,,,0.0,
18/4/2021,Toronto Maple Leafs,2,Vancouver Canucks,3,OT,,02:24,,2021-04-18,,,,,,,,,,,0.0,
18/4/2021,New York Islanders,1,Philadelphia Flyers,0,OT,3603.0,02:25,,2021-04-18,,,,,,,,,,,0.0,
18/4/2021,New York Rangers,5,New Jersey Devils,3,,3500.0,02:24,,2021-04-18,,,,,,,,,,,0.0,
18/4/2021,Washington Capitals,3,Boston Bruins,6,,2191.0,02:35,,2021-04-18,,,,,,,,,,,0.0,
19/4/2021,Montreal Canadiens,1,Edmonton Oilers,4,,,02:26,,2021-04-19,,,,,,,,,,,0.0,
19/4/2021,Detroit Red Wings,2,Dallas Stars,3,SO,4812.0,02:32,,2021-04-19,,,,,,,,,,,0.0,
19/4/2021,San Jose Sharks,2,Vegas Golden Knights,3,SO,3950.0,02:43,,2021-04-19,,,,,,,,,,,0.0,
19/4/2021,Ottawa Senators,4,Calgary Flames,2,,,02:22,,2021-04-19,,,,,,,,,,,0.0,
19/4/2021,Minnesota Wild,5,Arizona Coyotes,2,,3481.0,02:24,,2021-04-19,,,,,,,,,,,0.0,
18/4/2021,Pittsburgh Penguins,2,Buffalo Sabres,4,,,02:25,,2021-04-19,April,19.0,Sabres,Penguins,April,18.0,4.0,4.0,2021-04-19,https://www.sportsnet.ca/nhl/article/nhl-covid-19-schedule-changes-every-postponed-game-2020-21/,1.0,-1.0
19/4/2021,Columbus Blue Jackets,2,Florida Panthers,4,,4041.0,02:30,,2021-04-19,,,,,,,,,,,0.0,
19/4/2021,Carolina Hurricanes,2,Tampa Bay Lightning,3,OT,3800.0,02:36,,2021-04-19,,,,,,,,,,,0.0,
2/4/2021,St. Louis Blues,2,Colorado Avalanche,3,,4039.0,02:28,,2021-04-20,April,20.0,Avalanche,Blues,April,2.0,4.0,4.0,2021-04-20,https://www.sportsnet.ca/nhl/article/nhl-covid-19-schedule-changes-every-postponed-game-2020-21/,1.0,-18.0
9/5/2021,Ottawa Senators,1,Calgary Flames,6,,,02:23,,2021-04-20,April,20.0,Flames,Senators,May,9.0,4.0,5.0,2021-04-20,https://www.sportsnet.ca/nhl/article/nhl-covid-19-schedule-changes-every-postponed-game-2020-21/,1.0,19.0
20/4/2021,Anaheim Ducks,1,Los Angeles Kings,4,,1431.0,02:26,,2021-04-20,,,,,,,,,,,0.0,
20/4/2021,Toronto Maple Leafs,3,Vancouver Canucks,6,,,02:25,,2021-04-20,,,,,,,,,,,0.0,
20/4/2021,Carolina Hurricanes,4,Tampa Bay Lightning,1,,3800.0,02:28,,2021-04-20,,,,,,,,,,,0.0,
20/4/2021,New York Rangers,1,New York Islanders,6,,1400.0,02:11,at Nassau Veterans Memorial Coliseum (Uniondale NY),2021-04-20,,,,,,,,,,,0.0,
20/4/2021,Columbus Blue Jackets,1,Florida Panthers,5,,4132.0,02:27,,2021-04-20,,,,,,,,,,,0.0,
20/4/2021,Detroit Red Wings,2,Dallas Stars,5,,5148.0,02:25,,2021-04-20,,,,,,,,,,,0.0,
26/4/2021,Colorado Avalanche,1,St. Louis Blues,4,,,02:23,,2021-04-20,April,20.0,Blues,Avalanche,April,26.0,4.0,4.0,2021-04-20,https://www.sportsnet.ca/nhl/article/nhl-covid-19-schedule-changes-every-postponed-game-2020-21/,1.0,6.0
21/4/2021,Montreal Canadiens,4,Edmonton Oilers,3,,,02:25,,2021-04-21,,,,,,,,,,,0.0,
21/4/2021,Nashville Predators,4,Chicago Blackhawks,5,OT,,02:26,,2021-04-21,,,,,,,,,,,0.0,
21/4/2021,Minnesota Wild,4,Arizona Coyotes,1,,3736.0,02:23,,2021-04-21,,,,,,,,,,,0.0,
21/4/2021,San Jose Sharks,2,Vegas Golden Knights,5,,3950.0,02:26,,2021-04-21,,,,,,,,,,,0.0,
22/4/2021,Columbus Blue Jackets,1,Tampa Bay Lightning,3,,4200.0,02:23,,2021-04-22,,,,,,,,,,,0.0,
22/4/2021,Boston Bruins,5,Buffalo Sabres,1,,,02:24,,2021-04-22,,,,,,,,,,,0.0,
22/4/2021,Dallas Stars,3,Detroit Red Wings,7,,,02:29,,2021-04-22,,,,,,,,,,,0.0,
22/4/2021,Carolina Hurricanes,4,Florida Panthers,2,,4683.0,02:39,,2021-04-22,,,,,,,,,,,0.0,
22/4/2021,Washington Capitals,1,New York Islanders,0,SO,1400.0,02:28,at Nassau Veterans Memorial Coliseum (Uniondale NY),2021-04-22,,,,,,,,,,,0.0,
22/4/2021,New Jersey Devils,1,Pittsburgh Penguins,5,,4672.0,02:15,,2021-04-22,,,,,,,,,,,0.0,
22/4/2021,Colorado Avalanche,4,St. Louis Blues,2,,,02:26,,2021-04-22,,,,,,,,,,,0.0,
22/4/2021,Ottawa Senators,3,Vancouver Canucks,0,,,02:25,,2021-04-22,,,,,,,,,,,0.0,
22/4/2021,Toronto Maple Leafs,5,Winnipeg Jets,3,,,02:19,,2021-04-22,,,,,,,,,,,0.0,
23/4/2021,Montreal Canadiens,2,Calgary Flames,4,,,02:28,,2021-04-23,,,,,,,,,,,0.0,
22/2/2021,Minnesota Wild,6,San Jose Sharks,2,,,02:29,,2021-04-23,April,23.0,Sharks,Wild,Feb.,22.0,4.0,2.0,2021-04-23,https://www.sportsnet.ca/nhl/article/nhl-covid-19-schedule-changes-every-postponed-game-2020-21/,1.0,-60.0
23/4/2021,Boston Bruins,4,Buffalo Sabres,6,,,02:31,,2021-04-23,,,,,,,,,,,0.0,
3/3/2021,Arizona Coyotes,3,Los Angeles Kings,2,,,02:20,,2021-04-23,April,23.0,Kings,Coyotes,March,3.0,4.0,3.0,2021-04-23,https://www.sportsnet.ca/nhl/article/nhl-covid-19-schedule-changes-every-postponed-game-2020-21/,1.0,-51.0
24/4/2021,Vegas Golden Knights,5,Anaheim Ducks,1,,1717.0,02:25,,2021-04-23,April,23.0,Ducks,Golden Knights,April,24.0,4.0,4.0,2021-04-23,https://www.sportsnet.ca/nhl/article/nhl-covid-19-schedule-changes-every-postponed-game-2020-21/,1.0,1.0
23/4/2021,Nashville Predators,3,Chicago Blackhawks,1,,,02:21,,2021-04-23,,,,,,,,,,,0.0,
23/4/2021,Philadelphia Flyers,1,New York Rangers,4,,1800.0,02:22,,2021-04-23,,,,,,,,,,,0.0,
24/4/2021,Colorado Avalanche,3,St. Louis Blues,5,,,02:32,,2021-04-24,,,,,,,,,,,0.0,
24/4/2021,Montreal Canadiens,2,Calgary Flames,5,,,02:31,,2021-04-24,,,,,,,,,,,0.0,
24/4/2021,Minnesota Wild,6,San Jose Sharks,3,,,02:20,,2021-04-24,,,,,,,,,,,0.0,
24/4/2021,Washington Capitals,6,New York Islanders,3,,1400.0,02:28,at Nassau Veterans Memorial Coliseum (Uniondale NY),2021-04-24,,,,,,,,,,,0.0,
24/4/2021,Arizona Coyotes,4,Los Angeles Kings,0,,1497.0,02:25,,2021-04-24,,,,,,,,,,,0.0,
24/4/2021,Carolina Hurricanes,3,Florida Panthers,4,OT,4838.0,02:31,,2021-04-24,,,,,,,,,,,0.0,
24/4/2021,New Jersey Devils,2,Pittsburgh Penguins,4,,4672.0,02:24,,2021-04-24,,,,,,,,,,,0.0,
24/4/2021,Dallas Stars,2,Detroit Red Wings,1,OT,,02:24,,2021-04-24,,,,,,,,,,,0.0,
24/4/2021,Toronto Maple Leafs,4,Winnipeg Jets,1,,,02:22,,2021-04-24,,,,,,,,,,,0.0,
24/4/2021,Ottawa Senators,2,Vancouver Canucks,4,,,02:27,,2021-04-24,,,,,,,,,,,0.0,
22/3/2021,New York Islanders,2,Philadelphia Flyers,1,OT,2820.0,02:23,,2021-04-25,April,25.0,Flyers,Islanders,March,22.0,4.0,3.0,2021-04-25,https://www.sportsnet.ca/nhl/article/nhl-covid-19-schedule-changes-every-postponed-game-2020-21/,1.0,-34.0
25/4/2021,Columbus Blue Jackets,3,Tampa Bay Lightning,4,OT,4200.0,02:26,,2021-04-25,,,,,,,,,,,0.0,
25/4/2021,Boston Bruins,0,Pittsburgh Penguins,1,,4672.0,02:26,,2021-04-25,,,,,,,,,,,0.0,
25/4/2021,Buffalo Sabres,3,New York Rangers,6,,1800.0,02:20,,2021-04-25,,,,,,,,,,,0.0,
26/4/2021,Vancouver Canucks,1,Ottawa Senators,2,,,02:17,,2021-04-26,,,,,,,,,,,0.0,
26/4/2021,Anaheim Ducks,1,Los Angeles Kings,4,,1373.0,02:18,,2021-04-26,,,,,,,,,,,0.0,
26/4/2021,Edmonton Oilers,6,Winnipeg Jets,1,,,02:11,,2021-04-26,,,,,,,,,,,0.0,
26/4/2021,Carolina Hurricanes,3,Dallas Stars,4,OT,5364.0,02:34,,2021-04-26,,,,,,,,,,,0.0,
26/4/2021,Montreal Canadiens,2,Calgary Flames,1,,,02:21,,2021-04-26,,,,,,,,,,,0.0,
10/5/2021,Colorado Avalanche,2,Vegas Golden Knights,1,,7567.0,02:21,,2021-04-26,April,26.0,Golden Knights,Avalanche,May,10.0,4.0,5.0,2021-04-26,https://www.sportsnet.ca/nhl/article/nhl-covid-19-schedule-changes-every-postponed-game-2020-21/,1.0,14.0
29/4/2021,St. Louis Blues,5,Minnesota Wild,4,OT,3000.0,02:33,,2021-04-26,April,26.0,Wild,Blues,April,29.0,4.0,4.0,2021-04-26,https://www.sportsnet.ca/nhl/article/nhl-covid-19-schedule-changes-every-postponed-game-2020-21/,1.0,3.0
26/4/2021,Florida Panthers,1,Nashville Predators,4,,,02:26,,2021-04-26,,,,,,,,,,,0.0,
26/4/2021,Arizona Coyotes,4,San Jose Sharks,6,,520.0,02:25,,2021-04-26,,,,,,,,,,,0.0,
27/4/2021,Buffalo Sabres,1,New York Rangers,3,,1796.0,02:22,,2021-04-27,,,,,,,,,,,0.0,
7/3/2021,Washington Capitals,3,Philadelphia Flyers,1,,3023.0,02:23,,2021-04-27,April,27.0,Flyers,Capitals,March,7.0,4.0,3.0,2021-04-27,https://www.sportsnet.ca/nhl/article/nhl-covid-19-schedule-changes-every-postponed-game-2020-21/,1.0,-51.0
27/4/2021,Boston Bruins,3,Pittsburgh Penguins,1,,4672.0,02:26,,2021-04-27,,,,,,,,,,,0.0,
27/4/2021,Florida Panthers,7,Nashville Predators,4,,,02:30,,2021-04-27,,,,,,,,,,,0.0,
27/4/2021,Carolina Hurricanes,5,Dallas Stars,1,,6014.0,02:22,,2021-04-27,,,,,,,,,,,0.0,
27/4/2021,Tampa Bay Lightning,7,Chicago Blackhawks,4,,,02:27,,2021-04-27,,,,,,,,,,,0.0,
27/4/2021,Detroit Red Wings,0,Columbus Blue Jackets,1,SO,4316.0,02:29,,2021-04-27,,,,,,,,,,,0.0,
14/3/2021,New York Islanders,3,New Jersey Devils,2,SO,1800.0,02:48,,2021-04-27,April,27.0,Devils,Islanders,March,14.0,4.0,3.0,2021-04-27,https://www.sportsnet.ca/nhl/article/nhl-covid-19-schedule-changes-every-postponed-game-2020-21/,1.0,-44.0
28/4/2021,Arizona Coyotes,2,San Jose Sharks,4,,1037.0,02:26,,2021-04-28,,,,,,,,,,,0.0,
28/4/2021,Colorado Avalanche,2,Vegas Golden Knights,5,,3950.0,02:26,,2021-04-28,,,,,,,,,,,0.0,
28/4/2021,Edmonton Oilers,3,Winnipeg Jets,1,,,02:24,,2021-04-28,,,,,,,,,,,0.0,
28/4/2021,Toronto Maple Leafs,4,Montreal Canadiens,1,,,02:20,,2021-04-28,,,,,,,,,,,0.0,
28/4/2021,St. Louis Blues,4,Minnesota Wild,3,,3000.0,02:25,,2021-04-28,,,,,,,,,,,0.0,
28/4/2021,Anaheim Ducks,3,Los Angeles Kings,2,,1763.0,02:19,,2021-04-28,,,,,,,,,,,0.0,
28/4/2021,Vancouver Canucks,3,Ottawa Senators,6,,,02:23,,2021-04-28,,,,,,,,,,,0.0,
11/4/2021,Dallas Stars,2,Nashville Predators,3,SO,,02:32,,2021-04-29,April,29.0,Predators,Stars,April,11.0,4.0,4.0,2021-04-29,https://www.sportsnet.ca/nhl/article/nhl-covid-19-schedule-changes-every-postponed-game-2020-21/,1.0,-18.0
29/4/2021,Philadelphia Flyers,3,New Jersey Devils,5,,3600.0,02:29,,2021-04-29,,,,,,,,,,,0.0,
29/4/2021,Buffalo Sabres,2,Boston Bruins,5,,2191.0,02:31,,2021-04-29,,,,,,,,,,,0.0,
29/4/2021,Detroit Red Wings,1,Carolina Hurricanes,3,,4987.0,02:24,,2021-04-29,,,,,,,,,,,0.0,
29/4/2021,Florida Panthers,4,Chicago Blackhawks,3,OT,,02:24,,2021-04-29,,,,,,,,,,,0.0,
29/4/2021,Calgary Flames,3,Edmonton Oilers,1,,,02:23,,2021-04-29,,,,,,,,,,,0.0,
29/4/2021,New York Islanders,4,New York Rangers,0,,1800.0,02:21,,2021-04-29,,,,,,,,,,,0.0,
29/4/2021,Pittsburgh Penguins,5,Washington Capitals,4,OT,2133.0,02:44,,2021-04-29,,,,,,,,,,,0.0,
30/4/2021,Winnipeg Jets,3,Montreal Canadiens,5,,,02:22,,2021-04-30,,,,,,,,,,,0.0,
29/4/2021,Vancouver Canucks,1,Toronto Maple Leafs,4,,,02:21,,2021-04-30,April,30.0,Maple Leafs,Canucks,April,29.0,4.0,4.0,2021-04-30,https://www.sportsnet.ca/nhl/article/nhl-covid-19-schedule-changes-every-postponed-game-2020-21/,1.0,-1.0
30/4/2021,Los Angeles Kings,2,Anaheim Ducks,1,,1717.0,02:24,,2021-04-30,,,,,,,,,,,0.0,
30/4/2021,Vegas Golden Knights,0,Arizona Coyotes,3,,5111.0,02:23,,2021-04-30,,,,,,,,,,,0.0,
12/5/2021,Minnesota Wild,0,St. Louis Blues,4,,,02:20,,2021-04-30,April,30.0,Blues,Wild,May,12.0,4.0,5.0,2021-04-30,https://www.sportsnet.ca/nhl/article/nhl-covid-19-schedule-changes-every-postponed-game-2020-21/,1.0,12.0
30/4/2021,San Jose Sharks,0,Colorado Avalanche,3,,4045.0,02:21,,2021-04-30,,,,,,,,,,,0.0,
1/5/2021,Pittsburgh Penguins,3,Washington Capitals,0,,2133.0,02:25,,2021-05-01,,,,,,,,,,,0.0,
1/5/2021,Vancouver Canucks,1,Toronto Maple Leafs,5,,,02:20,,2021-05-01,,,,,,,,,,,0.0,
1/5/2021,New York Rangers,0,New York Islanders,3,,1400.0,02:13,at Nassau Veterans Memorial Coliseum (Uniondale NY),2021-05-01,,,,,,,,,,,0.0,
1/5/2021,Dallas Stars,0,Nashville Predators,1,OT,,02:29,,2021-05-01,,,,,,,,,,,0.0,
1/5/2021,Ottawa Senators,2,Montreal Canadiens,3,OT,,02:25,,2021-05-01,,,,,,,,,,,0.0,
13/5/2021,Minnesota Wild,3,St. Louis Blues,7,,,02:19,,2021-05-01,May,1.0,Blues,Wild,May,13.0,5.0,5.0,2021-05-01,https://www.sportsnet.ca/nhl/article/nhl-covid-19-schedule-changes-every-postponed-game-2020-21/,1.0,12.0
1/5/2021,Calgary Flames,1,Edmonton Oilers,4,,,02:23,,2021-05-01,,,,,,,,,,,0.0,
1/5/2021,Tampa Bay Lightning,0,Detroit Red Wings,1,SO,,02:43,,2021-05-01,,,,,,,,,,,0.0,
1/5/2021,San Jose Sharks,3,Colorado Avalanche,4,,4037.0,02:30,,2021-05-01,,,,,,,,,,,0.0,
1/5/2021,Florida Panthers,5,Chicago Blackhawks,4,,,02:20,,2021-05-01,,,,,,,,,,,0.0,
1/5/2021,Columbus Blue Jackets,1,Carolina Hurricanes,2,OT,4987.0,02:24,,2021-05-01,,,,,,,,,,,0.0,
1/5/2021,Buffalo Sabres,2,Boston Bruins,6,,2191.0,02:35,,2021-05-01,,,,,,,,,,,0.0,
1/5/2021,Vegas Golden Knights,3,Arizona Coyotes,2,OT,5671.0,02:33,,2021-05-01,,,,,,,,,,,0.0,
1/5/2021,Los Angeles Kings,2,Anaheim Ducks,6,,1717.0,02:22,,2021-05-01,,,,,,,,,,,0.0,
1/5/2021,New Jersey Devils,4,Philadelphia Flyers,1,,2683.0,02:23,,2021-05-01,,,,,,,,,,,0.0,
2/5/2021,Tampa Bay Lightning,2,Detroit Red Wings,1,,,02:24,,2021-05-02,,,,,,,,,,,0.0,
3/5/2021,Edmonton Oilers,5,Vancouver Canucks,3,,,02:20,,2021-05-03,,,,,,,,,,,0.0,
3/5/2021,Pittsburgh Penguins,2,Philadelphia Flyers,7,,2542.0,02:32,,2021-05-03,,,,,,,,,,,0.0,
3/5/2021,Colorado Avalanche,5,San Jose Sharks,4,OT,1071.0,02:24,,2021-05-03,,,,,,,,,,,0.0,
3/5/2021,Toronto Maple Leafs,2,Montreal Canadiens,3,OT,,02:31,,2021-05-03,,,,,,,,,,,0.0,
3/5/2021,Vegas Golden Knights,5,Minnesota Wild,6,,3000.0,02:37,,2021-05-03,,,,,,,,,,,0.0,
3/5/2021,Nashville Predators,4,Columbus Blue Jackets,3,OT,4210.0,02:30,,2021-05-03,,,,,,,,,,,0.0,
3/5/2021,Anaheim Ducks,1,St. Louis Blues,3,,,02:26,,2021-05-03,,,,,,,,,,,0.0,
3/5/2021,Chicago Blackhawks,2,Carolina Hurricanes,5,,4987.0,02:27,,2021-05-03,,,,,,,,,,,0.0,
3/5/2021,New York Islanders,2,Buffalo Sabres,4,,,02:26,,2021-05-03,,,,,,,,,,,0.0,
3/5/2021,Washington Capitals,6,New York Rangers,3,,1800.0,02:32,,2021-05-03,,,,,,,,,,,0.0,
3/5/2021,Los Angeles Kings,3,Arizona Coyotes,2,,4983.0,02:24,,2021-05-03,,,,,,,,,,,0.0,
3/5/2021,Winnipeg Jets,1,Ottawa Senators,2,,,02:19,,2021-05-03,,,,,,,,,,,0.0,
3/5/2021,Boston Bruins,3,New Jersey Devils,0,,3600.0,02:23,,2021-05-03,,,,,,,,,,,0.0,
5/5/2021,Dallas Stars,2,Tampa Bay Lightning,6,,4200.0,02:26,,2021-05-04,May,4.0,Lightning,Stars,May,5.0,5.0,5.0,2021-05-04,https://www.sportsnet.ca/nhl/article/nhl-covid-19-schedule-changes-every-postponed-game-2020-21/,1.0,1.0
4/5/2021,New York Islanders,3,Buffalo Sabres,4,SO,,02:28,,2021-05-04,,,,,,,,,,,0.0,
4/5/2021,Chicago Blackhawks,3,Carolina Hurricanes,6,,4987.0,02:24,,2021-05-04,,,,,,,,,,,0.0,
4/5/2021,Boston Bruins,3,New Jersey Devils,4,OT,3600.0,02:42,,2021-05-04,,,,,,,,,,,0.0,
4/5/2021,Pittsburgh Penguins,7,Philadelphia Flyers,3,,2961.0,02:33,,2021-05-04,,,,,,,,,,,0.0,
4/5/2021,Edmonton Oilers,4,Vancouver Canucks,1,,,02:16,,2021-05-04,,,,,,,,,,,0.0,
5/5/2021,Montreal Canadiens,1,Ottawa Senators,5,,,02:27,,2021-05-05,,,,,,,,,,,0.0,
5/5/2021,Colorado Avalanche,2,San Jose Sharks,3,,1041.0,02:26,,2021-05-05,,,,,,,,,,,0.0,
5/5/2021,Anaheim Ducks,3,St. Louis Blues,2,SO,,02:39,,2021-05-05,,,,,,,,,,,0.0,
5/5/2021,Vegas Golden Knights,3,Minnesota Wild,2,OT,3000.0,02:38,,2021-05-05,,,,,,,,,,,0.0,
5/5/2021,Los Angeles Kings,4,Arizona Coyotes,2,,6964.0,02:27,,2021-05-05,,,,,,,,,,,0.0,
5/5/2021,Nashville Predators,2,Columbus Blue Jackets,4,,4084.0,02:23,,2021-05-05,,,,,,,,,,,0.0,
5/5/2021,Winnipeg Jets,4,Calgary Flames,0,,,02:16,,2021-05-05,,,,,,,,,,,0.0,
5/5/2021,Washington Capitals,4,New York Rangers,2,,1800.0,02:35,,2021-05-05,,,,,,,,,,,0.0,
6/5/2021,Montreal Canadiens,2,Toronto Maple Leafs,5,,,02:23,,2021-05-06,,,,,,,,,,,0.0,
9/5/2021,Dallas Stars,2,Chicago Blackhawks,4,,3820.0,02:12,,2021-05-06,May,6.0,Blackhawks,Stars,May,9.0,5.0,5.0,2021-05-06,https://www.sportsnet.ca/nhl/article/nhl-covid-19-schedule-changes-every-postponed-game-2020-21/,1.0,3.0
6/5/2021,Buffalo Sabres,4,Pittsburgh Penguins,8,,4672.0,02:19,,2021-05-06,,,,,,,,,,,0.0,
6/5/2021,New Jersey Devils,2,New York Islanders,1,,1400.0,02:18,at Nassau Veterans Memorial Coliseum (Uniondale NY),2021-05-06,,,,,,,,,,,0.0,
6/5/2021,Vancouver Canucks,6,Edmonton Oilers,3,,,02:29,,2021-05-06,,,,,,,,,,,0.0,
6/5/2021,New York Rangers,0,Boston Bruins,4,,2191.0,02:21,,2021-05-06,,,,,,,,,,,0.0,
7/5/2021,St. Louis Blues,3,Vegas Golden Knights,4,OT,7567.0,02:27,,2021-05-07,,,,,,,,,,,0.0,
7/5/2021,Philadelphia Flyers,4,Washington Capitals,2,,2133.0,02:23,,2021-05-07,,,,,,,,,,,0.0,
5/4/2021,Ottawa Senators,3,Winnipeg Jets,4,,,02:20,,2021-05-07,May,7.0,Jets,Senators,April,5.0,5.0,4.0,2021-05-07,https://www.sportsnet.ca/nhl/article/nhl-covid-19-schedule-changes-every-postponed-game-2020-21/,1.0,-32.0
7/5/2021,Anaheim Ducks,3,Minnesota Wild,4,OT,3000.0,02:27,,2021-05-07,,,,,,,,,,,0.0,
7/5/2021,Colorado Avalanche,3,Los Angeles Kings,2,,2115.0,02:17,,2021-05-07,,,,,,,,,,,0.0,
7/5/2021,Detroit Red Wings,5,Columbus Blue Jackets,2,,4402.0,02:14,,2021-05-07,,,,,,,,,,,0.0,
10/5/2021,Carolina Hurricanes,0,Nashville Predators,5,,,02:25,,2021-05-07,May,7.0,Predators,Hurricanes,May,10.0,5.0,5.0,2021-05-07,https://www.sportsnet.ca/nhl/article/nhl-covid-19-schedule-changes-every-postponed-game-2020-21/,1.0,3.0
7/5/2021,Arizona Coyotes,5,San Jose Sharks,2,,1145.0,02:34,,2021-05-07,,,,,,,,,,,0.0,
7/5/2021,Dallas Stars,5,Tampa Bay Lightning,2,,4200.0,02:31,,2021-05-07,,,,,,,,,,,0.0,
10/5/2021,Dallas Stars,5,Chicago Blackhawks,4,OT,3917.0,02:26,,2021-05-08,May,8.0,Blackhawks,Stars,May,10.0,5.0,5.0,2021-05-08,https://www.sportsnet.ca/nhl/article/nhl-covid-19-schedule-changes-every-postponed-game-2020-21/,1.0,2.0
8/5/2021,Anaheim Ducks,3,Minnesota Wild,4,OT,3300.0,02:29,,2021-05-08,,,,,,,,,,,0.0,
8/5/2021,Ottawa Senators,4,Winnipeg Jets,2,,,02:16,,2021-05-08,,,,,,,,,,,0.0,
8/5/2021,Detroit Red Wings,4,Columbus Blue Jackets,5,OT,4493.0,02:31,,2021-05-08,,,,,,,,,,,0.0,
8/5/2021,Tampa Bay Lightning,1,Florida Panthers,5,,5040.0,02:35,,2021-05-08,,,,,,,,,,,0.0,
8/5/2021,Philadelphia Flyers,1,Washington Capitals,2,OT,2133.0,02:29,,2021-05-08,,,,,,,,,,,0.0,
8/5/2021,Colorado Avalanche,3,Los Angeles Kings,2,,2482.0,02:18,,2021-05-08,,,,,,,,,,,0.0,
8/5/2021,New York Rangers,5,Boston Bruins,4,,2191.0,02:33,,2021-05-08,,,,,,,,,,,0.0,
8/5/2021,Carolina Hurricanes,1,Nashville Predators,3,,,02:22,,2021-05-08,,,,,,,,,,,0.0,
8/5/2021,New Jersey Devils,1,New York Islanders,5,,,02:21,at Nassau Veterans Memorial Coliseum (Uniondale NY),2021-05-08,,,,,,,,,,,0.0,
8/5/2021,Arizona Coyotes,5,San Jose Sharks,4,OT,1249.0,02:30,,2021-05-08,,,,,,,,,,,0.0,
8/5/2021,Montreal Canadiens,2,Toronto Maple Leafs,3,,,02:29,,2021-05-08,,,,,,,,,,,0.0,
8/5/2021,St. Louis Blues,1,Vegas Golden Knights,4,,7567.0,02:35,,2021-05-08,,,,,,,,,,,0.0,
8/5/2021,Buffalo Sabres,0,Pittsburgh Penguins,1,,4672.0,02:16,,2021-05-08,,,,,,,,,,,0.0,
12/5/2021,Toronto Maple Leafs,3,Ottawa Senators,4,OT,,02:22,,2021-05-10,May,10.0,Senators,Maple Leafs,May,12.0,5.0,5.0,2021-05-10,https://www.sportsnet.ca/nhl/article/nhl-covid-19-schedule-changes-every-postponed-game-2020-21/,1.0,2.0
10/5/2021,Edmonton Oilers,4,Montreal Canadiens,3,OT,,02:26,,2021-05-10,,,,,,,,,,,0.0,
10/5/2021,St. Louis Blues,2,Los Angeles Kings,1,OT,2154.0,02:29,,2021-05-10,,,,,,,,,,,0.0,
10/5/2021,Tampa Bay Lightning,0,Florida Panthers,4,,5040.0,02:30,,2021-05-10,,,,,,,,,,,0.0,
12/5/2021,Vegas Golden Knights,6,San Jose Sharks,0,,1654.0,02:17,,2021-05-10,May,10.0,Sharks,Golden Knights,May,12.0,5.0,5.0,2021-05-10,https://www.sportsnet.ca/nhl/article/nhl-covid-19-schedule-changes-every-postponed-game-2020-21/,1.0,2.0
11/5/2021,Boston Bruins,1,Washington Capitals,2,,2133.0,02:20,,2021-05-11,,,,,,,,,,,0.0,
1/5/2021,St. Louis Blues,3,Minnesota Wild,4,OT,3000.0,02:28,,2021-05-12,May,12.0,Wild,Blues,May,1.0,5.0,5.0,2021-05-12,https://www.sportsnet.ca/nhl/article/nhl-covid-19-schedule-changes-every-postponed-game-2020-21/,1.0,-11.0
12/5/2021,Edmonton Oilers,4,Montreal Canadiens,3,OT,,02:18,,2021-05-12,,,,,,,,,,,0.0,
13/5/2021,Vancouver Canucks,1,Calgary Flames,4,,,02:21,,2021-05-13,,,,,,,,,,,0.0,
14/5/2021,Toronto Maple Leafs,2,Winnipeg Jets,4,,,02:13,,2021-05-14,,,,,,,,,,,0.0,
15/5/2021,Vancouver Canucks,4,Edmonton Oilers,1,,,02:15,,2021-05-15,,,,,,,,,,,0.0,
16/5/2021,Calgary Flames,6,Vancouver Canucks,5,OT,,02:34,,2021-05-16,,,,,,,,,,,0.0,
18/5/2021,Calgary Flames,2,Vancouver Canucks,4,,,02:28,,2021-05-18,,,,,,,,,,,0.0,
19/5/2021,Vancouver Canucks,2,Calgary Flames,6,,,02:27,,2021-05-19,,,,,,,,,,,0.0,
,,,,,,,,,,,,,,,,,,,,,
